14:20:48.284 [background-preinit] INFO  o.h.v.i.util.Version - [<clinit>,21] - HV000001: Hibernate Validator 6.1.5.Final
14:20:50.674 [main] INFO  c.z.a.ApsBootuiApplication - [logStartupProfileInfo,655] - The following profiles are active: test
14:21:00.199 [main] INFO  o.a.s.c.e.EhCacheManager - [getCache,169] - Using existing EHCache named [sys-authCache]
14:21:03.642 [main] INFO  o.a.s.c.e.EhCacheManager - [getCache,169] - Using existing EHCache named [sys-userCache]
14:21:08.339 [main] INFO  o.a.c.h.Http11NioProtocol - [log,173] - Initializing ProtocolHandler ["http-nio-9066"]
14:21:08.340 [main] INFO  o.a.c.c.StandardService - [log,173] - Starting service [Tomcat]
14:21:08.341 [main] INFO  o.a.c.c.StandardEngine - [log,173] - Starting Servlet engine: [Apache Tomcat/9.0.38]
14:21:09.496 [main] INFO  o.a.c.c.C.[.[.[/] - [log,173] - Initializing Spring embedded WebApplicationContext
14:21:17.765 [main] INFO  o.a.s.c.e.EhCacheManager - [getCache,169] - Using existing EHCache named [loginRecordCache]
14:21:29.969 [main] INFO  c.a.c.s.SentinelWebAutoConfiguration - [addInterceptors,80] - [Sentinel Starter] register SentinelWebInterceptor with urlPatterns: [/**].
14:21:30.673 [main] INFO  s.d.s.w.PropertySourcedRequestMappingHandlerMapping - [initHandlerMethods,69] - Mapped URL path [/v2/api-docs] onto method [springfox.documentation.swagger2.web.Swagger2Controller#getDocumentation(String, HttpServletRequest)]
14:21:30.841 [main] INFO  c.n.c.s.URLConfigurationSource - [<init>,122] - To enable URLs as dynamic configuration sources, define System property archaius.configurationSource.additionalUrls or make config.properties available on classpath.
14:21:30.850 [main] INFO  c.n.c.s.URLConfigurationSource - [<init>,122] - To enable URLs as dynamic configuration sources, define System property archaius.configurationSource.additionalUrls or make config.properties available on classpath.
14:21:32.965 [main] INFO  o.q.i.StdSchedulerFactory - [instantiate,1220] - Using default implementation for ThreadExecutor
14:21:32.982 [main] INFO  o.q.c.SchedulerSignalerImpl - [<init>,61] - Initialized Scheduler Signaller of type: class org.quartz.core.SchedulerSignalerImpl
14:21:32.983 [main] INFO  o.q.c.QuartzScheduler - [<init>,229] - Quartz Scheduler v.2.3.2 created.
14:21:32.984 [main] INFO  o.q.s.RAMJobStore - [initialize,155] - RAMJobStore initialized.
14:21:32.986 [main] INFO  o.q.c.QuartzScheduler - [initialize,294] - Scheduler meta-data: Quartz Scheduler (v2.3.2) 'quartzScheduler' with instanceId 'NON_CLUSTERED'
  Scheduler class: 'org.quartz.core.QuartzScheduler' - running locally.
  NOT STARTED.
  Currently in standby mode.
  Number of jobs executed: 0
  Using thread pool 'org.quartz.simpl.SimpleThreadPool' - with 10 threads.
  Using job-store 'org.quartz.simpl.RAMJobStore' - which does not support persistence. and is not clustered.

14:21:32.986 [main] INFO  o.q.i.StdSchedulerFactory - [instantiate,1374] - Quartz scheduler 'quartzScheduler' initialized from an externally provided properties instance.
14:21:32.986 [main] INFO  o.q.i.StdSchedulerFactory - [instantiate,1378] - Quartz scheduler version: 2.3.2
14:21:32.986 [main] INFO  o.q.c.QuartzScheduler - [setJobFactory,2293] - JobFactory set to: org.springframework.scheduling.quartz.SpringBeanJobFactory@6675189a
14:21:38.418 [main] INFO  o.a.c.h.Http11NioProtocol - [log,173] - Starting ProtocolHandler ["http-nio-9066"]
14:21:39.329 [main] INFO  c.a.c.n.r.NacosServiceRegistry - [register,71] - nacos registry, APS_TEST_GROUP aps-bootui 192.168.2.78:9066 register finished
14:21:40.446 [main] INFO  s.d.s.w.p.DocumentationPluginsBootstrapper - [start,147] - Context refreshed
14:21:40.510 [main] INFO  s.d.s.w.p.DocumentationPluginsBootstrapper - [start,150] - Found 3 custom documentation plugin(s)
14:21:40.905 [main] INFO  s.d.s.w.s.ApiListingReferenceScanner - [scan,41] - Scanning for api listing references
14:21:41.357 [main] INFO  s.d.s.w.r.o.CachingOperationNameGenerator - [startingWith,40] - Generating unique operation named: listUsingPOST_1
14:21:41.370 [main] INFO  s.d.s.w.r.o.CachingOperationNameGenerator - [startingWith,40] - Generating unique operation named: toIndexUsingGET_1
14:21:41.419 [main] INFO  s.d.s.w.r.o.CachingOperationNameGenerator - [startingWith,40] - Generating unique operation named: importDataUsingPOST_1
14:21:41.428 [main] INFO  s.d.s.w.r.o.CachingOperationNameGenerator - [startingWith,40] - Generating unique operation named: listUsingPOST_2
14:21:41.433 [main] INFO  s.d.s.w.r.o.CachingOperationNameGenerator - [startingWith,40] - Generating unique operation named: removeUsingPOST_1
14:21:41.459 [main] INFO  s.d.s.w.r.o.CachingOperationNameGenerator - [startingWith,40] - Generating unique operation named: listUsingPOST_3
14:21:41.484 [main] INFO  s.d.s.w.r.o.CachingOperationNameGenerator - [startingWith,40] - Generating unique operation named: exportUsingGET_1
14:21:41.489 [main] INFO  s.d.s.w.r.o.CachingOperationNameGenerator - [startingWith,40] - Generating unique operation named: importDataUsingPOST_2
14:21:41.495 [main] INFO  s.d.s.w.r.o.CachingOperationNameGenerator - [startingWith,40] - Generating unique operation named: listUsingPOST_4
14:21:41.502 [main] INFO  s.d.s.w.r.o.CachingOperationNameGenerator - [startingWith,40] - Generating unique operation named: removeUsingPOST_2
14:21:41.505 [main] INFO  s.d.s.w.r.o.CachingOperationNameGenerator - [startingWith,40] - Generating unique operation named: toIndexUsingGET_2
14:21:41.520 [main] INFO  s.d.s.w.r.o.CachingOperationNameGenerator - [startingWith,40] - Generating unique operation named: exportUsingGET_2
14:21:41.526 [main] INFO  s.d.s.w.r.o.CachingOperationNameGenerator - [startingWith,40] - Generating unique operation named: listUsingPOST_5
14:21:41.530 [main] INFO  s.d.s.w.r.o.CachingOperationNameGenerator - [startingWith,40] - Generating unique operation named: toIndexUsingGET_3
14:21:41.551 [main] INFO  s.d.s.w.r.o.CachingOperationNameGenerator - [startingWith,40] - Generating unique operation named: listUsingPOST_6
14:21:41.555 [main] INFO  s.d.s.w.r.o.CachingOperationNameGenerator - [startingWith,40] - Generating unique operation named: resourceDownloadUsingGET_1
14:21:41.575 [main] INFO  s.d.s.w.r.o.CachingOperationNameGenerator - [startingWith,40] - Generating unique operation named: listUsingPOST_7
14:21:41.593 [main] INFO  s.d.s.w.r.o.CachingOperationNameGenerator - [startingWith,40] - Generating unique operation named: toIndexUsingGET_4
14:21:41.606 [main] INFO  s.d.s.w.r.o.CachingOperationNameGenerator - [startingWith,40] - Generating unique operation named: editSaveUsingPOST_1
14:21:41.613 [main] INFO  s.d.s.w.r.o.CachingOperationNameGenerator - [startingWith,40] - Generating unique operation named: exportUsingGET_3
14:21:41.617 [main] INFO  s.d.s.w.r.o.CachingOperationNameGenerator - [startingWith,40] - Generating unique operation named: importDataUsingPOST_3
14:21:41.623 [main] INFO  s.d.s.w.r.o.CachingOperationNameGenerator - [startingWith,40] - Generating unique operation named: listUsingPOST_8
14:21:41.648 [main] INFO  s.d.s.w.r.o.CachingOperationNameGenerator - [startingWith,40] - Generating unique operation named: removeUsingPOST_3
14:21:41.653 [main] INFO  s.d.s.w.r.o.CachingOperationNameGenerator - [startingWith,40] - Generating unique operation named: toIndexUsingGET_5
14:21:41.692 [main] INFO  s.d.s.w.r.o.CachingOperationNameGenerator - [startingWith,40] - Generating unique operation named: listUsingPOST_9
14:21:41.697 [main] INFO  s.d.s.w.r.o.CachingOperationNameGenerator - [startingWith,40] - Generating unique operation named: resourceDownloadUsingGET_2
14:21:41.785 [main] INFO  s.d.s.w.r.o.CachingOperationNameGenerator - [startingWith,40] - Generating unique operation named: listUsingPOST_10
14:21:41.898 [main] INFO  s.d.s.w.r.o.CachingOperationNameGenerator - [startingWith,40] - Generating unique operation named: saveUsingPOST_1
14:21:41.921 [main] INFO  s.d.s.w.r.o.CachingOperationNameGenerator - [startingWith,40] - Generating unique operation named: editSaveUsingPOST_2
14:21:41.928 [main] INFO  s.d.s.w.r.o.CachingOperationNameGenerator - [startingWith,40] - Generating unique operation named: exportUsingGET_4
14:21:41.935 [main] INFO  s.d.s.w.r.o.CachingOperationNameGenerator - [startingWith,40] - Generating unique operation named: importDataUsingPOST_4
14:21:41.940 [main] INFO  s.d.s.w.r.o.CachingOperationNameGenerator - [startingWith,40] - Generating unique operation named: listUsingPOST_11
14:21:41.947 [main] INFO  s.d.s.w.r.o.CachingOperationNameGenerator - [startingWith,40] - Generating unique operation named: removeUsingPOST_4
14:21:41.951 [main] INFO  s.d.s.w.r.o.CachingOperationNameGenerator - [startingWith,40] - Generating unique operation named: toIndexUsingGET_6
14:21:41.978 [main] INFO  s.d.s.w.r.o.CachingOperationNameGenerator - [startingWith,40] - Generating unique operation named: editSaveUsingPOST_3
14:21:41.984 [main] INFO  s.d.s.w.r.o.CachingOperationNameGenerator - [startingWith,40] - Generating unique operation named: exportUsingGET_5
14:21:41.999 [main] INFO  s.d.s.w.r.o.CachingOperationNameGenerator - [startingWith,40] - Generating unique operation named: importDataUsingPOST_5
14:21:42.010 [main] INFO  s.d.s.w.r.o.CachingOperationNameGenerator - [startingWith,40] - Generating unique operation named: listUsingPOST_12
14:21:42.016 [main] INFO  s.d.s.w.r.o.CachingOperationNameGenerator - [startingWith,40] - Generating unique operation named: removeUsingPOST_5
14:21:42.021 [main] INFO  s.d.s.w.r.o.CachingOperationNameGenerator - [startingWith,40] - Generating unique operation named: toIndexUsingGET_7
14:21:42.051 [main] INFO  s.d.s.w.r.o.CachingOperationNameGenerator - [startingWith,40] - Generating unique operation named: editSaveUsingPOST_4
14:21:42.061 [main] INFO  s.d.s.w.r.o.CachingOperationNameGenerator - [startingWith,40] - Generating unique operation named: exportUsingGET_6
14:21:42.097 [main] INFO  s.d.s.w.r.o.CachingOperationNameGenerator - [startingWith,40] - Generating unique operation named: importDataUsingPOST_6
14:21:42.112 [main] INFO  s.d.s.w.r.o.CachingOperationNameGenerator - [startingWith,40] - Generating unique operation named: listUsingPOST_13
14:21:42.133 [main] INFO  s.d.s.w.r.o.CachingOperationNameGenerator - [startingWith,40] - Generating unique operation named: removeUsingPOST_6
14:21:42.142 [main] INFO  s.d.s.w.r.o.CachingOperationNameGenerator - [startingWith,40] - Generating unique operation named: toIndexUsingGET_8
14:21:42.171 [main] INFO  s.d.s.w.r.o.CachingOperationNameGenerator - [startingWith,40] - Generating unique operation named: editSaveUsingPOST_5
14:21:42.178 [main] INFO  s.d.s.w.r.o.CachingOperationNameGenerator - [startingWith,40] - Generating unique operation named: exportUsingGET_7
14:21:42.184 [main] INFO  s.d.s.w.r.o.CachingOperationNameGenerator - [startingWith,40] - Generating unique operation named: importDataUsingPOST_7
14:21:42.193 [main] INFO  s.d.s.w.r.o.CachingOperationNameGenerator - [startingWith,40] - Generating unique operation named: listUsingPOST_14
14:21:42.203 [main] INFO  s.d.s.w.r.o.CachingOperationNameGenerator - [startingWith,40] - Generating unique operation named: removeUsingPOST_7
14:21:42.218 [main] INFO  s.d.s.w.r.o.CachingOperationNameGenerator - [startingWith,40] - Generating unique operation named: detailUsingGET_1
14:21:42.299 [main] INFO  s.d.s.w.r.o.CachingOperationNameGenerator - [startingWith,40] - Generating unique operation named: detailListUsingPOST_1
14:21:42.340 [main] INFO  s.d.s.w.r.o.CachingOperationNameGenerator - [startingWith,40] - Generating unique operation named: editSaveUsingPOST_6
14:21:42.444 [main] INFO  s.d.s.w.r.o.CachingOperationNameGenerator - [startingWith,40] - Generating unique operation named: exportUsingGET_8
14:21:42.456 [main] INFO  s.d.s.w.r.o.CachingOperationNameGenerator - [startingWith,40] - Generating unique operation named: getDetailByIdUsingPOST_1
14:21:42.467 [main] INFO  s.d.s.w.r.o.CachingOperationNameGenerator - [startingWith,40] - Generating unique operation named: importDataUsingPOST_8
14:21:42.480 [main] INFO  s.d.s.w.r.o.CachingOperationNameGenerator - [startingWith,40] - Generating unique operation named: listUsingPOST_15
14:21:42.490 [main] INFO  s.d.s.w.r.o.CachingOperationNameGenerator - [startingWith,40] - Generating unique operation named: operlogUsingGET_1
14:21:42.500 [main] INFO  s.d.s.w.r.o.CachingOperationNameGenerator - [startingWith,40] - Generating unique operation named: removeUsingPOST_8
14:21:42.525 [main] INFO  s.d.s.w.r.o.CachingOperationNameGenerator - [startingWith,40] - Generating unique operation named: exportUsingGET_9
14:21:42.561 [main] INFO  s.d.s.w.r.o.CachingOperationNameGenerator - [startingWith,40] - Generating unique operation named: importDataUsingPOST_9
14:21:42.570 [main] INFO  s.d.s.w.r.o.CachingOperationNameGenerator - [startingWith,40] - Generating unique operation named: listUsingPOST_16
14:21:42.576 [main] INFO  s.d.s.w.r.o.CachingOperationNameGenerator - [startingWith,40] - Generating unique operation named: removeUsingPOST_9
14:21:42.580 [main] INFO  s.d.s.w.r.o.CachingOperationNameGenerator - [startingWith,40] - Generating unique operation named: toIndexUsingGET_9
14:21:42.592 [main] INFO  s.d.s.w.r.o.CachingOperationNameGenerator - [startingWith,40] - Generating unique operation named: editUsingPOST_1
14:21:42.601 [main] INFO  s.d.s.w.r.o.CachingOperationNameGenerator - [startingWith,40] - Generating unique operation named: exportUsingGET_10
14:21:42.614 [main] INFO  s.d.s.w.r.o.CachingOperationNameGenerator - [startingWith,40] - Generating unique operation named: listUsingPOST_17
14:21:42.617 [main] INFO  s.d.s.w.r.o.CachingOperationNameGenerator - [startingWith,40] - Generating unique operation named: toIndexUsingGET_10
14:21:42.665 [main] INFO  s.d.s.w.r.o.CachingOperationNameGenerator - [startingWith,40] - Generating unique operation named: editSaveUsingPOST_7
14:21:42.672 [main] INFO  s.d.s.w.r.o.CachingOperationNameGenerator - [startingWith,40] - Generating unique operation named: exportUsingGET_11
14:21:42.685 [main] INFO  s.d.s.w.r.o.CachingOperationNameGenerator - [startingWith,40] - Generating unique operation named: listUsingPOST_18
14:21:42.714 [main] INFO  s.d.s.w.r.o.CachingOperationNameGenerator - [startingWith,40] - Generating unique operation named: operlogUsingGET_2
14:21:42.721 [main] INFO  s.d.s.w.r.o.CachingOperationNameGenerator - [startingWith,40] - Generating unique operation named: removeUsingPOST_10
14:21:42.759 [main] INFO  s.d.s.w.r.o.CachingOperationNameGenerator - [startingWith,40] - Generating unique operation named: editSaveUsingPOST_8
14:21:42.774 [main] INFO  s.d.s.w.r.o.CachingOperationNameGenerator - [startingWith,40] - Generating unique operation named: exportUsingGET_12
14:21:42.785 [main] INFO  s.d.s.w.r.o.CachingOperationNameGenerator - [startingWith,40] - Generating unique operation named: getEmbryoVersionsUsingPOST_1
14:21:42.801 [main] INFO  s.d.s.w.r.o.CachingOperationNameGenerator - [startingWith,40] - Generating unique operation named: importDataUsingPOST_10
14:21:42.807 [main] INFO  s.d.s.w.r.o.CachingOperationNameGenerator - [startingWith,40] - Generating unique operation named: listUsingPOST_19
14:21:42.814 [main] INFO  s.d.s.w.r.o.CachingOperationNameGenerator - [startingWith,40] - Generating unique operation named: removeUsingPOST_11
14:21:42.817 [main] INFO  s.d.s.w.r.o.CachingOperationNameGenerator - [startingWith,40] - Generating unique operation named: toIndexUsingGET_11
14:21:42.847 [main] INFO  s.d.s.w.r.o.CachingOperationNameGenerator - [startingWith,40] - Generating unique operation named: editSaveUsingPOST_9
14:21:42.854 [main] INFO  s.d.s.w.r.o.CachingOperationNameGenerator - [startingWith,40] - Generating unique operation named: exportUsingGET_13
14:21:42.861 [main] INFO  s.d.s.w.r.o.CachingOperationNameGenerator - [startingWith,40] - Generating unique operation named: importDataUsingPOST_11
14:21:42.870 [main] INFO  s.d.s.w.r.o.CachingOperationNameGenerator - [startingWith,40] - Generating unique operation named: listUsingPOST_20
14:21:42.881 [main] INFO  s.d.s.w.r.o.CachingOperationNameGenerator - [startingWith,40] - Generating unique operation named: removeUsingPOST_12
14:21:42.886 [main] INFO  s.d.s.w.r.o.CachingOperationNameGenerator - [startingWith,40] - Generating unique operation named: toIndexUsingGET_12
14:21:42.908 [main] INFO  s.d.s.w.r.o.CachingOperationNameGenerator - [startingWith,40] - Generating unique operation named: editSaveUsingPOST_10
14:21:42.915 [main] INFO  s.d.s.w.r.o.CachingOperationNameGenerator - [startingWith,40] - Generating unique operation named: exportUsingGET_14
14:21:42.922 [main] INFO  s.d.s.w.r.o.CachingOperationNameGenerator - [startingWith,40] - Generating unique operation named: importDataUsingPOST_12
14:21:42.931 [main] INFO  s.d.s.w.r.o.CachingOperationNameGenerator - [startingWith,40] - Generating unique operation named: listUsingPOST_21
14:21:42.939 [main] INFO  s.d.s.w.r.o.CachingOperationNameGenerator - [startingWith,40] - Generating unique operation named: removeUsingPOST_13
14:21:42.944 [main] INFO  s.d.s.w.r.o.CachingOperationNameGenerator - [startingWith,40] - Generating unique operation named: toIndexUsingGET_13
14:21:42.965 [main] INFO  s.d.s.w.r.o.CachingOperationNameGenerator - [startingWith,40] - Generating unique operation named: editSaveUsingPOST_11
14:21:42.972 [main] INFO  s.d.s.w.r.o.CachingOperationNameGenerator - [startingWith,40] - Generating unique operation named: exportUsingGET_15
14:21:42.980 [main] INFO  s.d.s.w.r.o.CachingOperationNameGenerator - [startingWith,40] - Generating unique operation named: importDataUsingPOST_13
14:21:42.987 [main] INFO  s.d.s.w.r.o.CachingOperationNameGenerator - [startingWith,40] - Generating unique operation named: listUsingPOST_22
14:21:42.993 [main] INFO  s.d.s.w.r.o.CachingOperationNameGenerator - [startingWith,40] - Generating unique operation named: removeUsingPOST_14
14:21:42.998 [main] INFO  s.d.s.w.r.o.CachingOperationNameGenerator - [startingWith,40] - Generating unique operation named: toIndexUsingGET_14
14:21:43.008 [main] INFO  s.d.s.w.r.o.CachingOperationNameGenerator - [startingWith,40] - Generating unique operation named: editUsingPOST_2
14:21:43.013 [main] INFO  s.d.s.w.r.o.CachingOperationNameGenerator - [startingWith,40] - Generating unique operation named: exportUsingGET_16
14:21:43.019 [main] INFO  s.d.s.w.r.o.CachingOperationNameGenerator - [startingWith,40] - Generating unique operation named: importDataUsingPOST_14
14:21:43.024 [main] INFO  s.d.s.w.r.o.CachingOperationNameGenerator - [startingWith,40] - Generating unique operation named: listUsingPOST_23
14:21:43.029 [main] INFO  s.d.s.w.r.o.CachingOperationNameGenerator - [startingWith,40] - Generating unique operation named: removeUsingPOST_15
14:21:43.034 [main] INFO  s.d.s.w.r.o.CachingOperationNameGenerator - [startingWith,40] - Generating unique operation named: toIndexUsingGET_15
14:21:43.043 [main] INFO  s.d.s.w.r.o.CachingOperationNameGenerator - [startingWith,40] - Generating unique operation named: editUsingPOST_3
14:21:43.047 [main] INFO  s.d.s.w.r.o.CachingOperationNameGenerator - [startingWith,40] - Generating unique operation named: exportUsingGET_17
14:21:43.052 [main] INFO  s.d.s.w.r.o.CachingOperationNameGenerator - [startingWith,40] - Generating unique operation named: importDataUsingPOST_15
14:21:43.056 [main] INFO  s.d.s.w.r.o.CachingOperationNameGenerator - [startingWith,40] - Generating unique operation named: listUsingPOST_24
14:21:43.061 [main] INFO  s.d.s.w.r.o.CachingOperationNameGenerator - [startingWith,40] - Generating unique operation named: removeUsingPOST_16
14:21:43.065 [main] INFO  s.d.s.w.r.o.CachingOperationNameGenerator - [startingWith,40] - Generating unique operation named: toIndexUsingGET_16
14:21:43.159 [main] INFO  s.d.s.w.r.o.CachingOperationNameGenerator - [startingWith,40] - Generating unique operation named: changeMachineUsingGET_1
14:21:43.263 [main] INFO  s.d.s.w.r.o.CachingOperationNameGenerator - [startingWith,40] - Generating unique operation named: editSaveUsingPOST_12
14:21:43.292 [main] INFO  s.d.s.w.r.o.CachingOperationNameGenerator - [startingWith,40] - Generating unique operation named: exportUsingGET_18
14:21:43.440 [main] INFO  s.d.s.w.r.o.CachingOperationNameGenerator - [startingWith,40] - Generating unique operation named: getEmbryoVersionsUsingPOST_2
14:21:43.705 [main] INFO  s.d.s.w.r.o.CachingOperationNameGenerator - [startingWith,40] - Generating unique operation named: importDataUsingPOST_16
14:21:43.882 [main] INFO  s.d.s.w.r.o.CachingOperationNameGenerator - [startingWith,40] - Generating unique operation named: listUsingPOST_25
14:21:43.904 [main] INFO  s.d.s.w.r.o.CachingOperationNameGenerator - [startingWith,40] - Generating unique operation named: listUsingPOST_26
14:21:44.045 [main] INFO  s.d.s.w.r.o.CachingOperationNameGenerator - [startingWith,40] - Generating unique operation named: modifyLhMachineQtyUsingGET_1
14:21:44.076 [main] INFO  s.d.s.w.r.o.CachingOperationNameGenerator - [startingWith,40] - Generating unique operation named: modifyMoldsUsingPOST_1
14:21:44.111 [main] INFO  s.d.s.w.r.o.CachingOperationNameGenerator - [startingWith,40] - Generating unique operation named: modifyMoldsValidateUsingPOST_1
14:21:44.129 [main] INFO  s.d.s.w.r.o.CachingOperationNameGenerator - [startingWith,40] - Generating unique operation named: modifyQtyUsingGET_1
14:21:44.206 [main] INFO  s.d.s.w.r.o.CachingOperationNameGenerator - [startingWith,40] - Generating unique operation named: operlogUsingGET_3
14:21:44.305 [main] INFO  s.d.s.w.r.o.CachingOperationNameGenerator - [startingWith,40] - Generating unique operation named: publishUsingPOST_1
14:21:44.401 [main] INFO  s.d.s.w.r.o.CachingOperationNameGenerator - [startingWith,40] - Generating unique operation named: removeUsingPOST_17
14:21:44.612 [main] INFO  s.d.s.w.r.o.CachingOperationNameGenerator - [startingWith,40] - Generating unique operation named: editSaveUsingPOST_13
14:21:44.618 [main] INFO  s.d.s.w.r.o.CachingOperationNameGenerator - [startingWith,40] - Generating unique operation named: exportUsingGET_19
14:21:44.625 [main] INFO  s.d.s.w.r.o.CachingOperationNameGenerator - [startingWith,40] - Generating unique operation named: importDataUsingPOST_17
14:21:44.631 [main] INFO  s.d.s.w.r.o.CachingOperationNameGenerator - [startingWith,40] - Generating unique operation named: listUsingPOST_27
14:21:44.637 [main] INFO  s.d.s.w.r.o.CachingOperationNameGenerator - [startingWith,40] - Generating unique operation named: removeUsingPOST_18
14:21:44.642 [main] INFO  s.d.s.w.r.o.CachingOperationNameGenerator - [startingWith,40] - Generating unique operation named: toIndexUsingGET_17
14:21:44.661 [main] INFO  s.d.s.w.r.o.CachingOperationNameGenerator - [startingWith,40] - Generating unique operation named: editSaveUsingPOST_14
14:21:44.666 [main] INFO  s.d.s.w.r.o.CachingOperationNameGenerator - [startingWith,40] - Generating unique operation named: exportUsingGET_20
14:21:44.724 [main] INFO  s.d.s.w.r.o.CachingOperationNameGenerator - [startingWith,40] - Generating unique operation named: importDataUsingPOST_18
14:21:44.729 [main] INFO  s.d.s.w.r.o.CachingOperationNameGenerator - [startingWith,40] - Generating unique operation named: listUsingPOST_28
14:21:44.736 [main] INFO  s.d.s.w.r.o.CachingOperationNameGenerator - [startingWith,40] - Generating unique operation named: removeUsingPOST_19
14:21:44.740 [main] INFO  s.d.s.w.r.o.CachingOperationNameGenerator - [startingWith,40] - Generating unique operation named: toIndexUsingGET_18
14:21:44.753 [main] INFO  s.d.s.w.r.o.CachingOperationNameGenerator - [startingWith,40] - Generating unique operation named: editSaveUsingPOST_15
14:21:44.760 [main] INFO  s.d.s.w.r.o.CachingOperationNameGenerator - [startingWith,40] - Generating unique operation named: exportUsingGET_21
14:21:44.764 [main] INFO  s.d.s.w.r.o.CachingOperationNameGenerator - [startingWith,40] - Generating unique operation named: importDataUsingPOST_19
14:21:44.768 [main] INFO  s.d.s.w.r.o.CachingOperationNameGenerator - [startingWith,40] - Generating unique operation named: listUsingPOST_29
14:21:44.771 [main] INFO  s.d.s.w.r.o.CachingOperationNameGenerator - [startingWith,40] - Generating unique operation named: operlogUsingGET_4
14:21:44.776 [main] INFO  s.d.s.w.r.o.CachingOperationNameGenerator - [startingWith,40] - Generating unique operation named: removeUsingPOST_20
14:21:44.803 [main] INFO  s.d.s.w.r.o.CachingOperationNameGenerator - [startingWith,40] - Generating unique operation named: editSaveUsingPOST_16
14:21:44.808 [main] INFO  s.d.s.w.r.o.CachingOperationNameGenerator - [startingWith,40] - Generating unique operation named: exportUsingGET_22
14:21:44.817 [main] INFO  s.d.s.w.r.o.CachingOperationNameGenerator - [startingWith,40] - Generating unique operation named: getEmbryoVersionsUsingPOST_3
14:21:44.821 [main] INFO  s.d.s.w.r.o.CachingOperationNameGenerator - [startingWith,40] - Generating unique operation named: importDataUsingPOST_20
14:21:44.828 [main] INFO  s.d.s.w.r.o.CachingOperationNameGenerator - [startingWith,40] - Generating unique operation named: listUsingPOST_30
14:21:44.838 [main] INFO  s.d.s.w.r.o.CachingOperationNameGenerator - [startingWith,40] - Generating unique operation named: operlogUsingGET_5
14:21:44.851 [main] INFO  s.d.s.w.r.o.CachingOperationNameGenerator - [startingWith,40] - Generating unique operation named: removeUsingPOST_21
14:21:44.864 [main] INFO  s.d.s.w.r.o.CachingOperationNameGenerator - [startingWith,40] - Generating unique operation named: editSaveUsingPOST_17
14:21:44.870 [main] INFO  s.d.s.w.r.o.CachingOperationNameGenerator - [startingWith,40] - Generating unique operation named: exportUsingGET_23
14:21:44.875 [main] INFO  s.d.s.w.r.o.CachingOperationNameGenerator - [startingWith,40] - Generating unique operation named: importDataUsingPOST_21
14:21:44.879 [main] INFO  s.d.s.w.r.o.CachingOperationNameGenerator - [startingWith,40] - Generating unique operation named: listUsingPOST_31
14:21:44.883 [main] INFO  s.d.s.w.r.o.CachingOperationNameGenerator - [startingWith,40] - Generating unique operation named: removeUsingPOST_22
14:21:44.887 [main] INFO  s.d.s.w.r.o.CachingOperationNameGenerator - [startingWith,40] - Generating unique operation named: toIndexUsingGET_19
14:21:44.904 [main] INFO  s.d.s.w.r.o.CachingOperationNameGenerator - [startingWith,40] - Generating unique operation named: editSaveUsingPOST_18
14:21:44.907 [main] INFO  s.d.s.w.r.o.CachingOperationNameGenerator - [startingWith,40] - Generating unique operation named: exportUsingGET_24
14:21:44.913 [main] INFO  s.d.s.w.r.o.CachingOperationNameGenerator - [startingWith,40] - Generating unique operation named: importDataUsingPOST_22
14:21:44.919 [main] INFO  s.d.s.w.r.o.CachingOperationNameGenerator - [startingWith,40] - Generating unique operation named: listUsingPOST_32
14:21:44.922 [main] INFO  s.d.s.w.r.o.CachingOperationNameGenerator - [startingWith,40] - Generating unique operation named: removeUsingPOST_23
14:21:44.925 [main] INFO  s.d.s.w.r.o.CachingOperationNameGenerator - [startingWith,40] - Generating unique operation named: toIndexUsingGET_20
14:21:44.938 [main] INFO  s.d.s.w.r.o.CachingOperationNameGenerator - [startingWith,40] - Generating unique operation named: editSaveUsingPOST_19
14:21:44.941 [main] INFO  s.d.s.w.r.o.CachingOperationNameGenerator - [startingWith,40] - Generating unique operation named: exportUsingGET_25
14:21:44.944 [main] INFO  s.d.s.w.r.o.CachingOperationNameGenerator - [startingWith,40] - Generating unique operation named: importDataUsingPOST_23
14:21:44.947 [main] INFO  s.d.s.w.r.o.CachingOperationNameGenerator - [startingWith,40] - Generating unique operation named: listUsingPOST_33
14:21:44.951 [main] INFO  s.d.s.w.r.o.CachingOperationNameGenerator - [startingWith,40] - Generating unique operation named: removeUsingPOST_24
14:21:44.954 [main] INFO  s.d.s.w.r.o.CachingOperationNameGenerator - [startingWith,40] - Generating unique operation named: toIndexUsingGET_21
14:21:44.960 [main] INFO  s.d.s.w.r.o.CachingOperationNameGenerator - [startingWith,40] - Generating unique operation named: changeBomDataVersionUsingGET_1
14:21:44.973 [main] INFO  s.d.s.w.r.o.CachingOperationNameGenerator - [startingWith,40] - Generating unique operation named: changeBomDataVersionUsingPOST_1
14:21:44.986 [main] INFO  s.d.s.w.r.o.CachingOperationNameGenerator - [startingWith,40] - Generating unique operation named: editSaveUsingPOST_20
14:21:44.998 [main] INFO  s.d.s.w.r.o.CachingOperationNameGenerator - [startingWith,40] - Generating unique operation named: exportUsingGET_26
14:21:45.006 [main] INFO  s.d.s.w.r.o.CachingOperationNameGenerator - [startingWith,40] - Generating unique operation named: ganttUsingGET_1
14:21:45.011 [main] INFO  s.d.s.w.r.o.CachingOperationNameGenerator - [startingWith,40] - Generating unique operation named: ganttUsingGET_2
14:21:45.019 [main] INFO  s.d.s.w.r.o.CachingOperationNameGenerator - [startingWith,40] - Generating unique operation named: getGantDataUsingPOST_1
14:21:45.032 [main] INFO  s.d.s.w.r.o.CachingOperationNameGenerator - [startingWith,40] - Generating unique operation named: importDataUsingPOST_24
14:21:45.037 [main] INFO  s.d.s.w.r.o.CachingOperationNameGenerator - [startingWith,40] - Generating unique operation named: importDateUsingGET_1
14:21:45.054 [main] INFO  s.d.s.w.r.o.CachingOperationNameGenerator - [startingWith,40] - Generating unique operation named: listUsingPOST_34
14:21:45.066 [main] INFO  s.d.s.w.r.o.CachingOperationNameGenerator - [startingWith,40] - Generating unique operation named: removeUsingPOST_25
14:21:45.071 [main] INFO  s.d.s.w.r.o.CachingOperationNameGenerator - [startingWith,40] - Generating unique operation named: toIndexUsingGET_22
14:21:45.091 [main] INFO  s.d.s.w.r.o.CachingOperationNameGenerator - [startingWith,40] - Generating unique operation named: editSaveUsingPOST_21
14:21:45.095 [main] INFO  s.d.s.w.r.o.CachingOperationNameGenerator - [startingWith,40] - Generating unique operation named: exportUsingGET_27
14:21:45.098 [main] INFO  s.d.s.w.r.o.CachingOperationNameGenerator - [startingWith,40] - Generating unique operation named: importDataUsingPOST_25
14:21:45.102 [main] INFO  s.d.s.w.r.o.CachingOperationNameGenerator - [startingWith,40] - Generating unique operation named: listUsingPOST_35
14:21:45.107 [main] INFO  s.d.s.w.r.o.CachingOperationNameGenerator - [startingWith,40] - Generating unique operation named: removeUsingPOST_26
14:21:45.112 [main] INFO  s.d.s.w.r.o.CachingOperationNameGenerator - [startingWith,40] - Generating unique operation named: toIndexUsingGET_23
14:21:45.123 [main] INFO  s.d.s.w.r.o.CachingOperationNameGenerator - [startingWith,40] - Generating unique operation named: exportUsingGET_28
14:21:45.126 [main] INFO  s.d.s.w.r.o.CachingOperationNameGenerator - [startingWith,40] - Generating unique operation named: getInfoUsingGET_1
14:21:45.128 [main] INFO  s.d.s.w.r.o.CachingOperationNameGenerator - [startingWith,40] - Generating unique operation named: listUsingPOST_36
14:21:45.130 [main] INFO  s.d.s.w.r.o.CachingOperationNameGenerator - [startingWith,40] - Generating unique operation named: toIndexUsingGET_24
14:21:45.140 [main] INFO  s.d.s.w.r.o.CachingOperationNameGenerator - [startingWith,40] - Generating unique operation named: exportUsingGET_29
14:21:45.144 [main] INFO  s.d.s.w.r.o.CachingOperationNameGenerator - [startingWith,40] - Generating unique operation named: listUsingPOST_37
14:21:45.148 [main] INFO  s.d.s.w.r.o.CachingOperationNameGenerator - [startingWith,40] - Generating unique operation named: toIndexUsingGET_25
14:21:45.163 [main] INFO  s.d.s.w.r.o.CachingOperationNameGenerator - [startingWith,40] - Generating unique operation named: exportUsingGET_30
14:21:45.167 [main] INFO  s.d.s.w.r.o.CachingOperationNameGenerator - [startingWith,40] - Generating unique operation named: listUsingPOST_38
14:21:45.169 [main] INFO  s.d.s.w.r.o.CachingOperationNameGenerator - [startingWith,40] - Generating unique operation named: toIndexUsingGET_26
14:21:45.177 [main] INFO  s.d.s.w.r.o.CachingOperationNameGenerator - [startingWith,40] - Generating unique operation named: exportUsingGET_31
14:21:45.179 [main] INFO  s.d.s.w.r.o.CachingOperationNameGenerator - [startingWith,40] - Generating unique operation named: listUsingPOST_39
14:21:45.182 [main] INFO  s.d.s.w.r.o.CachingOperationNameGenerator - [startingWith,40] - Generating unique operation named: toIndexUsingGET_27
14:21:45.187 [main] INFO  s.d.s.w.r.o.CachingOperationNameGenerator - [startingWith,40] - Generating unique operation named: importDataUsingPOST_26
14:21:45.197 [main] INFO  s.d.s.w.r.o.CachingOperationNameGenerator - [startingWith,40] - Generating unique operation named: listUsingPOST_40
14:21:45.200 [main] INFO  s.d.s.w.r.o.CachingOperationNameGenerator - [startingWith,40] - Generating unique operation named: toIndexUsingGET_28
14:21:45.210 [main] INFO  s.d.s.w.r.o.CachingOperationNameGenerator - [startingWith,40] - Generating unique operation named: editSaveUsingPOST_22
14:21:45.214 [main] INFO  s.d.s.w.r.o.CachingOperationNameGenerator - [startingWith,40] - Generating unique operation named: exportUsingGET_32
14:21:45.217 [main] INFO  s.d.s.w.r.o.CachingOperationNameGenerator - [startingWith,40] - Generating unique operation named: getSpecDescUsingPOST_1
14:21:45.220 [main] INFO  s.d.s.w.r.o.CachingOperationNameGenerator - [startingWith,40] - Generating unique operation named: importDataUsingPOST_27
14:21:45.223 [main] INFO  s.d.s.w.r.o.CachingOperationNameGenerator - [startingWith,40] - Generating unique operation named: listUsingPOST_41
14:21:45.225 [main] INFO  s.d.s.w.r.o.CachingOperationNameGenerator - [startingWith,40] - Generating unique operation named: removeUsingPOST_27
14:21:45.228 [main] INFO  s.d.s.w.r.o.CachingOperationNameGenerator - [startingWith,40] - Generating unique operation named: toIndexUsingGET_29
14:21:45.361 [main] INFO  s.d.s.w.s.ApiListingReferenceScanner - [scan,41] - Scanning for api listing references
14:21:45.406 [main] INFO  s.d.s.w.r.o.CachingOperationNameGenerator - [startingWith,40] - Generating unique operation named: listUsingPOST_42
14:21:45.410 [main] INFO  s.d.s.w.r.o.CachingOperationNameGenerator - [startingWith,40] - Generating unique operation named: toIndexUsingGET_30
14:21:45.414 [main] INFO  s.d.s.w.r.o.CachingOperationNameGenerator - [startingWith,40] - Generating unique operation named: addUsingGET_1
14:21:45.430 [main] INFO  s.d.s.w.r.o.CachingOperationNameGenerator - [startingWith,40] - Generating unique operation named: exportUsingGET_33
14:21:45.435 [main] INFO  s.d.s.w.r.o.CachingOperationNameGenerator - [startingWith,40] - Generating unique operation named: listUsingPOST_43
14:21:45.440 [main] INFO  s.d.s.w.r.o.CachingOperationNameGenerator - [startingWith,40] - Generating unique operation named: removeUsingPOST_28
14:21:45.448 [main] INFO  s.d.s.w.r.o.CachingOperationNameGenerator - [startingWith,40] - Generating unique operation named: addUsingGET_2
14:21:45.459 [main] INFO  s.d.s.w.r.o.CachingOperationNameGenerator - [startingWith,40] - Generating unique operation named: editUsingGET_1
14:21:45.465 [main] INFO  s.d.s.w.r.o.CachingOperationNameGenerator - [startingWith,40] - Generating unique operation named: exportUsingGET_34
14:21:45.470 [main] INFO  s.d.s.w.r.o.CachingOperationNameGenerator - [startingWith,40] - Generating unique operation named: listUsingPOST_44
14:21:45.474 [main] INFO  s.d.s.w.r.o.CachingOperationNameGenerator - [startingWith,40] - Generating unique operation named: removeUsingPOST_29
14:21:45.486 [main] INFO  s.d.s.w.r.o.CachingOperationNameGenerator - [startingWith,40] - Generating unique operation named: exportUsingGET_35
14:21:45.489 [main] INFO  s.d.s.w.r.o.CachingOperationNameGenerator - [startingWith,40] - Generating unique operation named: listUsingPOST_45
14:21:45.493 [main] INFO  s.d.s.w.r.o.CachingOperationNameGenerator - [startingWith,40] - Generating unique operation named: getExportLogManagementUsingGET_1
14:21:45.502 [main] INFO  s.d.s.w.r.o.CachingOperationNameGenerator - [startingWith,40] - Generating unique operation named: listUsingPOST_46
14:21:45.511 [main] INFO  s.d.s.w.r.o.CachingOperationNameGenerator - [startingWith,40] - Generating unique operation named: detailListUsingPOST_2
14:21:45.515 [main] INFO  s.d.s.w.r.o.CachingOperationNameGenerator - [startingWith,40] - Generating unique operation named: getImportLogManagementUsingGET_1
14:21:45.519 [main] INFO  s.d.s.w.r.o.CachingOperationNameGenerator - [startingWith,40] - Generating unique operation named: gotoErrorDetailUsingGET_1
14:21:45.529 [main] INFO  s.d.s.w.r.o.CachingOperationNameGenerator - [startingWith,40] - Generating unique operation named: listUsingPOST_47
14:21:45.538 [main] INFO  s.d.s.w.r.o.CachingOperationNameGenerator - [startingWith,40] - Generating unique operation named: exportUsingGET_36
14:21:45.553 [main] INFO  s.d.s.w.r.o.CachingOperationNameGenerator - [startingWith,40] - Generating unique operation named: listUsingPOST_48
14:21:45.578 [main] INFO  s.d.s.w.r.o.CachingOperationNameGenerator - [startingWith,40] - Generating unique operation named: editSaveUsingPOST_23
14:21:45.584 [main] INFO  s.d.s.w.r.o.CachingOperationNameGenerator - [startingWith,40] - Generating unique operation named: exportUsingGET_37
14:21:45.589 [main] INFO  s.d.s.w.r.o.CachingOperationNameGenerator - [startingWith,40] - Generating unique operation named: listUsingPOST_49
14:21:45.594 [main] INFO  s.d.s.w.r.o.CachingOperationNameGenerator - [startingWith,40] - Generating unique operation named: removeUsingPOST_30
14:21:45.609 [main] INFO  s.d.s.w.r.o.CachingOperationNameGenerator - [startingWith,40] - Generating unique operation named: checkMachineCodeUniqueUsingPOST_1
14:21:45.614 [main] INFO  s.d.s.w.r.o.CachingOperationNameGenerator - [startingWith,40] - Generating unique operation named: editSaveUsingPOST_24
14:21:45.622 [main] INFO  s.d.s.w.r.o.CachingOperationNameGenerator - [startingWith,40] - Generating unique operation named: exportUsingGET_38
14:21:45.631 [main] INFO  s.d.s.w.r.o.CachingOperationNameGenerator - [startingWith,40] - Generating unique operation named: listUsingPOST_50
14:21:45.646 [main] INFO  s.d.s.w.r.o.CachingOperationNameGenerator - [startingWith,40] - Generating unique operation named: removeUsingPOST_31
14:21:45.657 [main] INFO  s.d.s.w.r.o.CachingOperationNameGenerator - [startingWith,40] - Generating unique operation named: addUsingGET_3
14:21:45.688 [main] INFO  s.d.s.w.r.o.CachingOperationNameGenerator - [startingWith,40] - Generating unique operation named: editUsingGET_2
14:21:45.694 [main] INFO  s.d.s.w.r.o.CachingOperationNameGenerator - [startingWith,40] - Generating unique operation named: exportUsingGET_39
14:21:45.703 [main] INFO  s.d.s.w.r.o.CachingOperationNameGenerator - [startingWith,40] - Generating unique operation named: listUsingPOST_51
14:21:45.712 [main] INFO  s.d.s.w.r.o.CachingOperationNameGenerator - [startingWith,40] - Generating unique operation named: removeUsingPOST_32
14:21:45.717 [main] INFO  s.d.s.w.r.o.CachingOperationNameGenerator - [startingWith,40] - Generating unique operation named: removeAllUsingPOST_1
14:21:45.737 [main] INFO  s.d.s.w.r.o.CachingOperationNameGenerator - [startingWith,40] - Generating unique operation named: editUsingPOST_4
14:21:45.742 [main] INFO  s.d.s.w.r.o.CachingOperationNameGenerator - [startingWith,40] - Generating unique operation named: exportUsingGET_40
14:21:45.748 [main] INFO  s.d.s.w.r.o.CachingOperationNameGenerator - [startingWith,40] - Generating unique operation named: getInfoUsingGET_2
14:21:45.755 [main] INFO  s.d.s.w.r.o.CachingOperationNameGenerator - [startingWith,40] - Generating unique operation named: listUsingPOST_52
14:21:45.763 [main] INFO  s.d.s.w.r.o.CachingOperationNameGenerator - [startingWith,40] - Generating unique operation named: addUsingGET_4
14:21:45.770 [main] INFO  s.d.s.w.r.o.CachingOperationNameGenerator - [startingWith,40] - Generating unique operation named: editUsingGET_3
14:21:45.780 [main] INFO  s.d.s.w.r.o.CachingOperationNameGenerator - [startingWith,40] - Generating unique operation named: editSaveUsingPOST_25
14:21:45.785 [main] INFO  s.d.s.w.r.o.CachingOperationNameGenerator - [startingWith,40] - Generating unique operation named: exportUsingGET_41
14:21:45.790 [main] INFO  s.d.s.w.r.o.CachingOperationNameGenerator - [startingWith,40] - Generating unique operation named: listUsingPOST_53
14:21:45.797 [main] INFO  s.d.s.w.r.o.CachingOperationNameGenerator - [startingWith,40] - Generating unique operation named: removeUsingPOST_33
14:21:45.801 [main] INFO  s.d.s.w.r.o.CachingOperationNameGenerator - [startingWith,40] - Generating unique operation named: toIndexUsingGET_31
14:21:45.812 [main] INFO  s.d.s.w.r.o.CachingOperationNameGenerator - [startingWith,40] - Generating unique operation named: exportUsingGET_42
14:21:45.818 [main] INFO  s.d.s.w.r.o.CachingOperationNameGenerator - [startingWith,40] - Generating unique operation named: listUsingPOST_54
14:21:45.837 [main] INFO  s.d.s.w.r.o.CachingOperationNameGenerator - [startingWith,40] - Generating unique operation named: autoPlanUsingPOST_1
14:21:45.861 [main] INFO  s.d.s.w.r.o.CachingOperationNameGenerator - [startingWith,40] - Generating unique operation named: changeMachineUsingPOST_1
14:21:45.881 [main] INFO  s.d.s.w.r.o.CachingOperationNameGenerator - [startingWith,40] - Generating unique operation named: changeReleaseStatusUsingPOST_1
14:21:45.908 [main] INFO  s.d.s.w.r.o.CachingOperationNameGenerator - [startingWith,40] - Generating unique operation named: editSaveUsingPOST_26
14:21:45.914 [main] INFO  s.d.s.w.r.o.CachingOperationNameGenerator - [startingWith,40] - Generating unique operation named: exportUsingGET_43
14:21:45.925 [main] INFO  s.d.s.w.r.o.CachingOperationNameGenerator - [startingWith,40] - Generating unique operation named: listUsingPOST_55
14:21:45.934 [main] INFO  s.d.s.w.r.o.CachingOperationNameGenerator - [startingWith,40] - Generating unique operation named: publishUsingPOST_2
14:21:45.941 [main] INFO  s.d.s.w.r.o.CachingOperationNameGenerator - [startingWith,40] - Generating unique operation named: removeUsingPOST_34
14:21:45.946 [main] INFO  s.d.s.w.r.o.CachingOperationNameGenerator - [startingWith,40] - Generating unique operation named: addUsingGET_5
14:21:45.952 [main] INFO  s.d.s.w.r.o.CachingOperationNameGenerator - [startingWith,40] - Generating unique operation named: editUsingGET_4
14:21:45.961 [main] INFO  s.d.s.w.r.o.CachingOperationNameGenerator - [startingWith,40] - Generating unique operation named: exportUsingGET_44
14:21:45.968 [main] INFO  s.d.s.w.r.o.CachingOperationNameGenerator - [startingWith,40] - Generating unique operation named: listUsingPOST_56
14:21:45.972 [main] INFO  s.d.s.w.r.o.CachingOperationNameGenerator - [startingWith,40] - Generating unique operation named: removeUsingPOST_35
14:21:45.975 [main] INFO  s.d.s.w.r.o.CachingOperationNameGenerator - [startingWith,40] - Generating unique operation named: removeAllUsingPOST_2
14:21:46.002 [main] INFO  s.d.s.w.r.o.CachingOperationNameGenerator - [startingWith,40] - Generating unique operation named: editSaveUsingPOST_27
14:21:46.007 [main] INFO  s.d.s.w.r.o.CachingOperationNameGenerator - [startingWith,40] - Generating unique operation named: exportUsingGET_45
14:21:46.012 [main] INFO  s.d.s.w.r.o.CachingOperationNameGenerator - [startingWith,40] - Generating unique operation named: listUsingPOST_57
14:21:46.019 [main] INFO  s.d.s.w.r.o.CachingOperationNameGenerator - [startingWith,40] - Generating unique operation named: removeUsingPOST_36
14:21:46.025 [main] INFO  s.d.s.w.r.o.CachingOperationNameGenerator - [startingWith,40] - Generating unique operation named: addUsingGET_6
14:21:46.037 [main] INFO  s.d.s.w.r.o.CachingOperationNameGenerator - [startingWith,40] - Generating unique operation named: checkAssistSpecCodeUniqueUsingPOST_1
14:21:46.041 [main] INFO  s.d.s.w.r.o.CachingOperationNameGenerator - [startingWith,40] - Generating unique operation named: editUsingGET_5
14:21:46.046 [main] INFO  s.d.s.w.r.o.CachingOperationNameGenerator - [startingWith,40] - Generating unique operation named: exportUsingGET_46
14:21:46.051 [main] INFO  s.d.s.w.r.o.CachingOperationNameGenerator - [startingWith,40] - Generating unique operation named: listUsingPOST_58
14:21:46.055 [main] INFO  s.d.s.w.r.o.CachingOperationNameGenerator - [startingWith,40] - Generating unique operation named: removeUsingPOST_37
14:21:46.058 [main] INFO  s.d.s.w.r.o.CachingOperationNameGenerator - [startingWith,40] - Generating unique operation named: saveAssistSpecUsingPOST_1
14:21:46.064 [main] INFO  s.d.s.w.r.o.CachingOperationNameGenerator - [startingWith,40] - Generating unique operation named: addUsingGET_7
14:21:46.073 [main] INFO  s.d.s.w.r.o.CachingOperationNameGenerator - [startingWith,40] - Generating unique operation named: checkBigRollCodeUniqueUsingPOST_1
14:21:46.079 [main] INFO  s.d.s.w.r.o.CachingOperationNameGenerator - [startingWith,40] - Generating unique operation named: editUsingGET_6
14:21:46.084 [main] INFO  s.d.s.w.r.o.CachingOperationNameGenerator - [startingWith,40] - Generating unique operation named: exportUsingGET_47
14:21:46.088 [main] INFO  s.d.s.w.r.o.CachingOperationNameGenerator - [startingWith,40] - Generating unique operation named: listUsingPOST_59
14:21:46.092 [main] INFO  s.d.s.w.r.o.CachingOperationNameGenerator - [startingWith,40] - Generating unique operation named: removeUsingPOST_38
14:21:46.097 [main] INFO  s.d.s.w.r.o.CachingOperationNameGenerator - [startingWith,40] - Generating unique operation named: saveBigRollUsingPOST_1
14:21:46.112 [main] INFO  s.d.s.w.r.o.CachingOperationNameGenerator - [startingWith,40] - Generating unique operation named: exportUsingGET_48
14:21:46.118 [main] INFO  s.d.s.w.r.o.CachingOperationNameGenerator - [startingWith,40] - Generating unique operation named: listUsingPOST_60
14:21:46.124 [main] INFO  s.d.s.w.r.o.CachingOperationNameGenerator - [startingWith,40] - Generating unique operation named: getExportLogManagementUsingGET_2
14:21:46.132 [main] INFO  s.d.s.w.r.o.CachingOperationNameGenerator - [startingWith,40] - Generating unique operation named: listUsingPOST_61
14:21:46.143 [main] INFO  s.d.s.w.r.o.CachingOperationNameGenerator - [startingWith,40] - Generating unique operation named: detailListUsingPOST_3
14:21:46.147 [main] INFO  s.d.s.w.r.o.CachingOperationNameGenerator - [startingWith,40] - Generating unique operation named: getImportLogManagementUsingGET_2
14:21:46.151 [main] INFO  s.d.s.w.r.o.CachingOperationNameGenerator - [startingWith,40] - Generating unique operation named: gotoErrorDetailUsingGET_2
14:21:46.160 [main] INFO  s.d.s.w.r.o.CachingOperationNameGenerator - [startingWith,40] - Generating unique operation named: listUsingPOST_62
14:21:46.167 [main] INFO  s.d.s.w.r.o.CachingOperationNameGenerator - [startingWith,40] - Generating unique operation named: exportUsingGET_49
14:21:46.172 [main] INFO  s.d.s.w.r.o.CachingOperationNameGenerator - [startingWith,40] - Generating unique operation named: listUsingPOST_63
14:21:46.174 [main] INFO  s.d.s.w.r.o.CachingOperationNameGenerator - [startingWith,40] - Generating unique operation named: syncStockUsingPOST_1
14:21:46.187 [main] INFO  s.d.s.w.r.o.CachingOperationNameGenerator - [startingWith,40] - Generating unique operation named: editSaveUsingPOST_28
14:21:46.193 [main] INFO  s.d.s.w.r.o.CachingOperationNameGenerator - [startingWith,40] - Generating unique operation named: exportUsingGET_50
14:21:46.198 [main] INFO  s.d.s.w.r.o.CachingOperationNameGenerator - [startingWith,40] - Generating unique operation named: listUsingPOST_64
14:21:46.204 [main] INFO  s.d.s.w.r.o.CachingOperationNameGenerator - [startingWith,40] - Generating unique operation named: removeUsingPOST_39
14:21:46.208 [main] INFO  s.d.s.w.r.o.CachingOperationNameGenerator - [startingWith,40] - Generating unique operation named: removeAllUsingPOST_3
14:21:46.216 [main] INFO  s.d.s.w.r.o.CachingOperationNameGenerator - [startingWith,40] - Generating unique operation named: checkMachineCodeUniqueUsingPOST_2
14:21:46.221 [main] INFO  s.d.s.w.r.o.CachingOperationNameGenerator - [startingWith,40] - Generating unique operation named: editSaveUsingPOST_29
14:21:46.225 [main] INFO  s.d.s.w.r.o.CachingOperationNameGenerator - [startingWith,40] - Generating unique operation named: exportUsingGET_51
14:21:46.229 [main] INFO  s.d.s.w.r.o.CachingOperationNameGenerator - [startingWith,40] - Generating unique operation named: listUsingPOST_65
14:21:46.232 [main] INFO  s.d.s.w.r.o.CachingOperationNameGenerator - [startingWith,40] - Generating unique operation named: removeUsingPOST_40
14:21:46.239 [main] INFO  s.d.s.w.r.o.CachingOperationNameGenerator - [startingWith,40] - Generating unique operation named: addUsingGET_8
14:21:46.247 [main] INFO  s.d.s.w.r.o.CachingOperationNameGenerator - [startingWith,40] - Generating unique operation named: checkRollCodeUniqueUsingPOST_1
14:21:46.252 [main] INFO  s.d.s.w.r.o.CachingOperationNameGenerator - [startingWith,40] - Generating unique operation named: editUsingGET_7
14:21:46.255 [main] INFO  s.d.s.w.r.o.CachingOperationNameGenerator - [startingWith,40] - Generating unique operation named: exportUsingGET_52
14:21:46.259 [main] INFO  s.d.s.w.r.o.CachingOperationNameGenerator - [startingWith,40] - Generating unique operation named: listUsingPOST_66
14:21:46.262 [main] INFO  s.d.s.w.r.o.CachingOperationNameGenerator - [startingWith,40] - Generating unique operation named: removeUsingPOST_41
14:21:46.264 [main] INFO  s.d.s.w.r.o.CachingOperationNameGenerator - [startingWith,40] - Generating unique operation named: removeAllUsingPOST_4
14:21:46.270 [main] INFO  s.d.s.w.r.o.CachingOperationNameGenerator - [startingWith,40] - Generating unique operation named: saveGlueGroupOrderUsingPOST_1
14:21:46.278 [main] INFO  s.d.s.w.r.o.CachingOperationNameGenerator - [startingWith,40] - Generating unique operation named: editUsingPOST_5
14:21:46.281 [main] INFO  s.d.s.w.r.o.CachingOperationNameGenerator - [startingWith,40] - Generating unique operation named: exportUsingGET_53
14:21:46.286 [main] INFO  s.d.s.w.r.o.CachingOperationNameGenerator - [startingWith,40] - Generating unique operation named: getInfoUsingGET_3
14:21:46.289 [main] INFO  s.d.s.w.r.o.CachingOperationNameGenerator - [startingWith,40] - Generating unique operation named: listUsingPOST_67
14:21:46.292 [main] INFO  s.d.s.w.r.o.CachingOperationNameGenerator - [startingWith,40] - Generating unique operation named: addUsingGET_9
14:21:46.296 [main] INFO  s.d.s.w.r.o.CachingOperationNameGenerator - [startingWith,40] - Generating unique operation named: editUsingGET_8
14:21:46.308 [main] INFO  s.d.s.w.r.o.CachingOperationNameGenerator - [startingWith,40] - Generating unique operation named: editSaveUsingPOST_30
14:21:46.314 [main] INFO  s.d.s.w.r.o.CachingOperationNameGenerator - [startingWith,40] - Generating unique operation named: exportUsingGET_54
14:21:46.319 [main] INFO  s.d.s.w.r.o.CachingOperationNameGenerator - [startingWith,40] - Generating unique operation named: listUsingPOST_68
14:21:46.323 [main] INFO  s.d.s.w.r.o.CachingOperationNameGenerator - [startingWith,40] - Generating unique operation named: removeUsingPOST_42
14:21:46.326 [main] INFO  s.d.s.w.r.o.CachingOperationNameGenerator - [startingWith,40] - Generating unique operation named: toIndexUsingGET_32
14:21:46.337 [main] INFO  s.d.s.w.r.o.CachingOperationNameGenerator - [startingWith,40] - Generating unique operation named: exportUsingGET_55
14:21:46.382 [main] INFO  s.d.s.w.r.o.CachingOperationNameGenerator - [startingWith,40] - Generating unique operation named: listUsingPOST_69
14:21:46.394 [main] INFO  s.d.s.w.r.o.CachingOperationNameGenerator - [startingWith,40] - Generating unique operation named: autoPlanUsingPOST_2
14:21:46.400 [main] INFO  s.d.s.w.r.o.CachingOperationNameGenerator - [startingWith,40] - Generating unique operation named: balanceUsingPOST_1
14:21:46.405 [main] INFO  s.d.s.w.r.o.CachingOperationNameGenerator - [startingWith,40] - Generating unique operation named: batchChangeMachineUsingPOST_1
14:21:46.412 [main] INFO  s.d.s.w.r.o.CachingOperationNameGenerator - [startingWith,40] - Generating unique operation named: changeMachineUsingPOST_2
14:21:46.417 [main] INFO  s.d.s.w.r.o.CachingOperationNameGenerator - [startingWith,40] - Generating unique operation named: changeQtyUsingPOST_1
14:21:46.424 [main] INFO  s.d.s.w.r.o.CachingOperationNameGenerator - [startingWith,40] - Generating unique operation named: changeReleaseStatusUsingPOST_2
14:21:46.433 [main] INFO  s.d.s.w.r.o.CachingOperationNameGenerator - [startingWith,40] - Generating unique operation named: chooseMachineUsingPOST_1
14:21:46.439 [main] INFO  s.d.s.w.r.o.CachingOperationNameGenerator - [startingWith,40] - Generating unique operation named: combinationMiddleAndNightUsingPOST_1
14:21:46.445 [main] INFO  s.d.s.w.r.o.CachingOperationNameGenerator - [startingWith,40] - Generating unique operation named: editSaveUsingPOST_31
14:21:46.451 [main] INFO  s.d.s.w.r.o.CachingOperationNameGenerator - [startingWith,40] - Generating unique operation named: exportUsingGET_56
14:21:46.456 [main] INFO  s.d.s.w.r.o.CachingOperationNameGenerator - [startingWith,40] - Generating unique operation named: listUsingPOST_70
14:21:46.461 [main] INFO  s.d.s.w.r.o.CachingOperationNameGenerator - [startingWith,40] - Generating unique operation named: publishUsingPOST_3
14:21:46.466 [main] INFO  s.d.s.w.r.o.CachingOperationNameGenerator - [startingWith,40] - Generating unique operation named: removeUsingPOST_43
14:21:46.471 [main] INFO  s.d.s.w.r.o.CachingOperationNameGenerator - [startingWith,40] - Generating unique operation named: addUsingGET_10
14:21:46.475 [main] INFO  s.d.s.w.r.o.CachingOperationNameGenerator - [startingWith,40] - Generating unique operation named: editUsingGET_9
14:21:46.482 [main] INFO  s.d.s.w.r.o.CachingOperationNameGenerator - [startingWith,40] - Generating unique operation named: exportUsingGET_57
14:21:46.486 [main] INFO  s.d.s.w.r.o.CachingOperationNameGenerator - [startingWith,40] - Generating unique operation named: listUsingPOST_71
14:21:46.489 [main] INFO  s.d.s.w.r.o.CachingOperationNameGenerator - [startingWith,40] - Generating unique operation named: removeUsingPOST_44
14:21:46.491 [main] INFO  s.d.s.w.r.o.CachingOperationNameGenerator - [startingWith,40] - Generating unique operation named: removeAllUsingPOST_5
14:21:46.494 [main] INFO  s.d.s.w.r.o.CachingOperationNameGenerator - [startingWith,40] - Generating unique operation named: saveSpecifyMachineUsingPOST_1
14:21:46.504 [main] INFO  s.d.s.w.r.o.CachingOperationNameGenerator - [startingWith,40] - Generating unique operation named: addSaveUsingPOST_1
14:21:46.507 [main] INFO  s.d.s.w.r.o.CachingOperationNameGenerator - [startingWith,40] - Generating unique operation named: editSaveUsingPOST_32
14:21:46.510 [main] INFO  s.d.s.w.r.o.CachingOperationNameGenerator - [startingWith,40] - Generating unique operation named: exportUsingGET_58
14:21:46.514 [main] INFO  s.d.s.w.r.o.CachingOperationNameGenerator - [startingWith,40] - Generating unique operation named: listUsingPOST_72
14:21:46.520 [main] INFO  s.d.s.w.r.o.CachingOperationNameGenerator - [startingWith,40] - Generating unique operation named: removeUsingPOST_45
14:21:46.523 [main] INFO  s.d.s.w.r.o.CachingOperationNameGenerator - [startingWith,40] - Generating unique operation named: listUsingPOST_73
14:21:46.526 [main] INFO  s.d.s.w.r.o.CachingOperationNameGenerator - [startingWith,40] - Generating unique operation named: removeUsingPOST_46
14:21:46.531 [main] INFO  s.d.s.w.r.o.CachingOperationNameGenerator - [startingWith,40] - Generating unique operation named: addUsingGET_11
14:21:46.538 [main] INFO  s.d.s.w.r.o.CachingOperationNameGenerator - [startingWith,40] - Generating unique operation named: checkEmbryoCodeUniqueUsingPOST_1
14:21:46.541 [main] INFO  s.d.s.w.r.o.CachingOperationNameGenerator - [startingWith,40] - Generating unique operation named: editUsingGET_10
14:21:46.546 [main] INFO  s.d.s.w.r.o.CachingOperationNameGenerator - [startingWith,40] - Generating unique operation named: exportUsingGET_59
14:21:46.551 [main] INFO  s.d.s.w.r.o.CachingOperationNameGenerator - [startingWith,40] - Generating unique operation named: listUsingPOST_74
14:21:46.554 [main] INFO  s.d.s.w.r.o.CachingOperationNameGenerator - [startingWith,40] - Generating unique operation named: removeUsingPOST_47
14:21:46.559 [main] INFO  s.d.s.w.r.o.CachingOperationNameGenerator - [startingWith,40] - Generating unique operation named: saveConstructionInfoUsingPOST_1
14:21:46.562 [main] INFO  s.d.s.w.r.o.CachingOperationNameGenerator - [startingWith,40] - Generating unique operation named: checkConstructionUsingPOST_1
14:21:46.580 [main] INFO  s.d.s.w.r.o.CachingOperationNameGenerator - [startingWith,40] - Generating unique operation named: listUsingPOST_75
14:21:46.585 [main] INFO  s.d.s.w.r.o.CachingOperationNameGenerator - [startingWith,40] - Generating unique operation named: checkCxCloseOutRangeUniqueUsingPOST_1
14:21:46.589 [main] INFO  s.d.s.w.r.o.CachingOperationNameGenerator - [startingWith,40] - Generating unique operation named: editSaveUsingPOST_33
14:21:46.593 [main] INFO  s.d.s.w.r.o.CachingOperationNameGenerator - [startingWith,40] - Generating unique operation named: exportUsingGET_60
14:21:46.596 [main] INFO  s.d.s.w.r.o.CachingOperationNameGenerator - [startingWith,40] - Generating unique operation named: importDataUsingPOST_28
14:21:46.599 [main] INFO  s.d.s.w.r.o.CachingOperationNameGenerator - [startingWith,40] - Generating unique operation named: importTemplateUsingGET_1
14:21:46.604 [main] INFO  s.d.s.w.r.o.CachingOperationNameGenerator - [startingWith,40] - Generating unique operation named: listUsingPOST_76
14:21:46.608 [main] INFO  s.d.s.w.r.o.CachingOperationNameGenerator - [startingWith,40] - Generating unique operation named: removeUsingPOST_48
14:21:46.613 [main] INFO  s.d.s.w.r.o.CachingOperationNameGenerator - [startingWith,40] - Generating unique operation named: exportUsingGET_61
14:21:46.616 [main] INFO  s.d.s.w.r.o.CachingOperationNameGenerator - [startingWith,40] - Generating unique operation named: listUsingPOST_77
14:21:46.620 [main] INFO  s.d.s.w.r.o.CachingOperationNameGenerator - [startingWith,40] - Generating unique operation named: getExportLogManagementUsingGET_3
14:21:46.624 [main] INFO  s.d.s.w.r.o.CachingOperationNameGenerator - [startingWith,40] - Generating unique operation named: listUsingPOST_78
14:21:46.630 [main] INFO  s.d.s.w.r.o.CachingOperationNameGenerator - [startingWith,40] - Generating unique operation named: batchPublishUsingPOST_1
14:21:46.634 [main] INFO  s.d.s.w.r.o.CachingOperationNameGenerator - [startingWith,40] - Generating unique operation named: batchSaveUsingPOST_1
14:21:46.637 [main] INFO  s.d.s.w.r.o.CachingOperationNameGenerator - [startingWith,40] - Generating unique operation named: listUsingPOST_79
14:21:46.641 [main] INFO  s.d.s.w.r.o.CachingOperationNameGenerator - [startingWith,40] - Generating unique operation named: publishUsingPOST_4
14:21:46.645 [main] INFO  s.d.s.w.r.o.CachingOperationNameGenerator - [startingWith,40] - Generating unique operation named: saveUsingPOST_2
14:21:46.649 [main] INFO  s.d.s.w.r.o.CachingOperationNameGenerator - [startingWith,40] - Generating unique operation named: editSaveUsingPOST_34
14:21:46.652 [main] INFO  s.d.s.w.r.o.CachingOperationNameGenerator - [startingWith,40] - Generating unique operation named: exportUsingGET_62
14:21:46.657 [main] INFO  s.d.s.w.r.o.CachingOperationNameGenerator - [startingWith,40] - Generating unique operation named: listUsingPOST_80
14:21:46.662 [main] INFO  s.d.s.w.r.o.CachingOperationNameGenerator - [startingWith,40] - Generating unique operation named: removeUsingPOST_49
14:21:46.668 [main] INFO  s.d.s.w.r.o.CachingOperationNameGenerator - [startingWith,40] - Generating unique operation named: detailListUsingPOST_4
14:21:46.672 [main] INFO  s.d.s.w.r.o.CachingOperationNameGenerator - [startingWith,40] - Generating unique operation named: getImportLogManagementUsingGET_3
14:21:46.676 [main] INFO  s.d.s.w.r.o.CachingOperationNameGenerator - [startingWith,40] - Generating unique operation named: gotoErrorDetailUsingGET_3
14:21:46.679 [main] INFO  s.d.s.w.r.o.CachingOperationNameGenerator - [startingWith,40] - Generating unique operation named: listUsingPOST_81
14:21:46.692 [main] INFO  s.d.s.w.r.o.CachingOperationNameGenerator - [startingWith,40] - Generating unique operation named: changeMachineUsingPOST_3
14:21:46.702 [main] INFO  s.d.s.w.r.o.CachingOperationNameGenerator - [startingWith,40] - Generating unique operation named: confirmSupplyPlanUsingPOST_1
14:21:46.713 [main] INFO  s.d.s.w.r.o.CachingOperationNameGenerator - [startingWith,40] - Generating unique operation named: generateSupplyPlanUsingPOST_1
14:21:46.724 [main] INFO  s.d.s.w.r.o.CachingOperationNameGenerator - [startingWith,40] - Generating unique operation named: listUsingPOST_82
14:21:46.733 [main] INFO  s.d.s.w.r.o.CachingOperationNameGenerator - [startingWith,40] - Generating unique operation named: modifyMoldsUsingPOST_2
14:21:46.745 [main] INFO  s.d.s.w.r.o.CachingOperationNameGenerator - [startingWith,40] - Generating unique operation named: modifySupplyPlanQtyUsingPOST_1
14:21:46.758 [main] INFO  s.d.s.w.r.o.CachingOperationNameGenerator - [startingWith,40] - Generating unique operation named: regenerateSupplyPlanUsingPOST_1
14:21:46.761 [main] INFO  s.d.s.w.r.o.CachingOperationNameGenerator - [startingWith,40] - Generating unique operation named: removeLastDaySupplyPlanUsingPOST_1
14:21:46.773 [main] INFO  s.d.s.w.r.o.CachingOperationNameGenerator - [startingWith,40] - Generating unique operation named: saveUsingPOST_3
14:21:46.777 [main] INFO  s.d.s.w.r.o.CachingOperationNameGenerator - [startingWith,40] - Generating unique operation named: checkCxLossSettingUniqueUsingPOST_1
14:21:46.782 [main] INFO  s.d.s.w.r.o.CachingOperationNameGenerator - [startingWith,40] - Generating unique operation named: editSaveUsingPOST_35
14:21:46.787 [main] INFO  s.d.s.w.r.o.CachingOperationNameGenerator - [startingWith,40] - Generating unique operation named: exportUsingGET_63
14:21:46.791 [main] INFO  s.d.s.w.r.o.CachingOperationNameGenerator - [startingWith,40] - Generating unique operation named: listUsingPOST_83
14:21:46.794 [main] INFO  s.d.s.w.r.o.CachingOperationNameGenerator - [startingWith,40] - Generating unique operation named: removeUsingPOST_50
14:21:46.800 [main] INFO  s.d.s.w.r.o.CachingOperationNameGenerator - [startingWith,40] - Generating unique operation named: checkUniqueUsingPOST_1
14:21:46.805 [main] INFO  s.d.s.w.r.o.CachingOperationNameGenerator - [startingWith,40] - Generating unique operation named: editSaveUsingPOST_36
14:21:46.809 [main] INFO  s.d.s.w.r.o.CachingOperationNameGenerator - [startingWith,40] - Generating unique operation named: exportUsingGET_64
14:21:46.815 [main] INFO  s.d.s.w.r.o.CachingOperationNameGenerator - [startingWith,40] - Generating unique operation named: importDataUsingPOST_29
14:21:46.819 [main] INFO  s.d.s.w.r.o.CachingOperationNameGenerator - [startingWith,40] - Generating unique operation named: importTemplateUsingGET_2
14:21:46.823 [main] INFO  s.d.s.w.r.o.CachingOperationNameGenerator - [startingWith,40] - Generating unique operation named: listUsingPOST_84
14:21:46.831 [main] INFO  s.d.s.w.r.o.CachingOperationNameGenerator - [startingWith,40] - Generating unique operation named: removeUsingPOST_51
14:21:46.842 [main] INFO  s.d.s.w.r.o.CachingOperationNameGenerator - [startingWith,40] - Generating unique operation named: checkCxMachineGroupListUniqueUsingPOST_1
14:21:46.848 [main] INFO  s.d.s.w.r.o.CachingOperationNameGenerator - [startingWith,40] - Generating unique operation named: editSaveUsingPOST_37
14:21:46.853 [main] INFO  s.d.s.w.r.o.CachingOperationNameGenerator - [startingWith,40] - Generating unique operation named: exportUsingGET_65
14:21:46.858 [main] INFO  s.d.s.w.r.o.CachingOperationNameGenerator - [startingWith,40] - Generating unique operation named: importDataUsingPOST_30
14:21:46.867 [main] INFO  s.d.s.w.r.o.CachingOperationNameGenerator - [startingWith,40] - Generating unique operation named: importTemplateUsingGET_3
14:21:46.873 [main] INFO  s.d.s.w.r.o.CachingOperationNameGenerator - [startingWith,40] - Generating unique operation named: listUsingPOST_85
14:21:46.878 [main] INFO  s.d.s.w.r.o.CachingOperationNameGenerator - [startingWith,40] - Generating unique operation named: removeUsingPOST_52
14:21:46.882 [main] INFO  s.d.s.w.r.o.CachingOperationNameGenerator - [startingWith,40] - Generating unique operation named: checkMachineCodeUniqueUsingPOST_3
14:21:46.889 [main] INFO  s.d.s.w.r.o.CachingOperationNameGenerator - [startingWith,40] - Generating unique operation named: editSaveUsingPOST_38
14:21:46.894 [main] INFO  s.d.s.w.r.o.CachingOperationNameGenerator - [startingWith,40] - Generating unique operation named: exportUsingGET_66
14:21:46.898 [main] INFO  s.d.s.w.r.o.CachingOperationNameGenerator - [startingWith,40] - Generating unique operation named: listUsingPOST_86
14:21:46.902 [main] INFO  s.d.s.w.r.o.CachingOperationNameGenerator - [startingWith,40] - Generating unique operation named: removeUsingPOST_53
14:21:46.908 [main] INFO  s.d.s.w.r.o.CachingOperationNameGenerator - [startingWith,40] - Generating unique operation named: detailEditSaveUsingPOST_1
14:21:46.913 [main] INFO  s.d.s.w.r.o.CachingOperationNameGenerator - [startingWith,40] - Generating unique operation named: detailListUsingPOST_5
14:21:46.920 [main] INFO  s.d.s.w.r.o.CachingOperationNameGenerator - [startingWith,40] - Generating unique operation named: detailRemoveUsingPOST_1
14:21:46.926 [main] INFO  s.d.s.w.r.o.CachingOperationNameGenerator - [startingWith,40] - Generating unique operation named: editSaveUsingPOST_39
14:21:46.931 [main] INFO  s.d.s.w.r.o.CachingOperationNameGenerator - [startingWith,40] - Generating unique operation named: exportUsingGET_67
14:21:46.937 [main] INFO  s.d.s.w.r.o.CachingOperationNameGenerator - [startingWith,40] - Generating unique operation named: getDetailByIdUsingPOST_2
14:21:46.943 [main] INFO  s.d.s.w.r.o.CachingOperationNameGenerator - [startingWith,40] - Generating unique operation named: listUsingPOST_87
14:21:46.948 [main] INFO  s.d.s.w.r.o.CachingOperationNameGenerator - [startingWith,40] - Generating unique operation named: removeUsingPOST_54
14:21:46.953 [main] INFO  s.d.s.w.r.o.CachingOperationNameGenerator - [startingWith,40] - Generating unique operation named: addUsingGET_12
14:21:46.957 [main] INFO  s.d.s.w.r.o.CachingOperationNameGenerator - [startingWith,40] - Generating unique operation named: editUsingPOST_6
14:21:46.960 [main] INFO  s.d.s.w.r.o.CachingOperationNameGenerator - [startingWith,40] - Generating unique operation named: exportUsingGET_68
14:21:46.965 [main] INFO  s.d.s.w.r.o.CachingOperationNameGenerator - [startingWith,40] - Generating unique operation named: getEmbryoVersionsUsingPOST_4
14:21:46.970 [main] INFO  s.d.s.w.r.o.CachingOperationNameGenerator - [startingWith,40] - Generating unique operation named: getInfoUsingGET_4
14:21:46.974 [main] INFO  s.d.s.w.r.o.CachingOperationNameGenerator - [startingWith,40] - Generating unique operation named: listUsingPOST_88
14:21:46.978 [main] INFO  s.d.s.w.r.o.CachingOperationNameGenerator - [startingWith,40] - Generating unique operation named: removeUsingPOST_55
14:21:46.980 [main] INFO  s.d.s.w.r.o.CachingOperationNameGenerator - [startingWith,40] - Generating unique operation named: toIndexUsingGET_33
14:21:46.984 [main] INFO  s.d.s.w.r.o.CachingOperationNameGenerator - [startingWith,40] - Generating unique operation named: editUsingPOST_7
14:21:46.988 [main] INFO  s.d.s.w.r.o.CachingOperationNameGenerator - [startingWith,40] - Generating unique operation named: exportUsingGET_69
14:21:46.991 [main] INFO  s.d.s.w.r.o.CachingOperationNameGenerator - [startingWith,40] - Generating unique operation named: getInfoUsingGET_5
14:21:46.994 [main] INFO  s.d.s.w.r.o.CachingOperationNameGenerator - [startingWith,40] - Generating unique operation named: listUsingPOST_89
14:21:46.998 [main] INFO  s.d.s.w.r.o.CachingOperationNameGenerator - [startingWith,40] - Generating unique operation named: checkCxPlanProductStatusUniqueUsingPOST_1
14:21:47.003 [main] INFO  s.d.s.w.r.o.CachingOperationNameGenerator - [startingWith,40] - Generating unique operation named: editRemarkSaveUsingPOST_1
14:21:47.007 [main] INFO  s.d.s.w.r.o.CachingOperationNameGenerator - [startingWith,40] - Generating unique operation named: editSaveUsingPOST_40
14:21:47.010 [main] INFO  s.d.s.w.r.o.CachingOperationNameGenerator - [startingWith,40] - Generating unique operation named: exportUsingGET_70
14:21:47.014 [main] INFO  s.d.s.w.r.o.CachingOperationNameGenerator - [startingWith,40] - Generating unique operation named: listUsingPOST_90
14:21:47.018 [main] INFO  s.d.s.w.r.o.CachingOperationNameGenerator - [startingWith,40] - Generating unique operation named: markUnProductUsingPOST_1
14:21:47.022 [main] INFO  s.d.s.w.r.o.CachingOperationNameGenerator - [startingWith,40] - Generating unique operation named: modifyQtyUsingPOST_1
14:21:47.025 [main] INFO  s.d.s.w.r.o.CachingOperationNameGenerator - [startingWith,40] - Generating unique operation named: removeUsingPOST_56
14:21:47.030 [main] INFO  s.d.s.w.r.o.CachingOperationNameGenerator - [startingWith,40] - Generating unique operation named: checkCxProductConstructionInfoUniqueUsingPOST_1
14:21:47.036 [main] INFO  s.d.s.w.r.o.CachingOperationNameGenerator - [startingWith,40] - Generating unique operation named: editSaveUsingPOST_41
14:21:47.041 [main] INFO  s.d.s.w.r.o.CachingOperationNameGenerator - [startingWith,40] - Generating unique operation named: editSave1UsingPOST_1
14:21:47.051 [main] INFO  s.d.s.w.r.o.CachingOperationNameGenerator - [startingWith,40] - Generating unique operation named: exportUsingGET_71
14:21:47.057 [main] INFO  s.d.s.w.r.o.CachingOperationNameGenerator - [startingWith,40] - Generating unique operation named: getEmbryoVersionsUsingPOST_5
14:21:47.062 [main] INFO  s.d.s.w.r.o.CachingOperationNameGenerator - [startingWith,40] - Generating unique operation named: getVersionsByEmbryoCodeUsingPOST_1
14:21:47.066 [main] INFO  s.d.s.w.r.o.CachingOperationNameGenerator - [startingWith,40] - Generating unique operation named: importDataUsingPOST_31
14:21:47.072 [main] INFO  s.d.s.w.r.o.CachingOperationNameGenerator - [startingWith,40] - Generating unique operation named: importTemplateUsingGET_4
14:21:47.080 [main] INFO  s.d.s.w.r.o.CachingOperationNameGenerator - [startingWith,40] - Generating unique operation named: listUsingPOST_91
14:21:47.085 [main] INFO  s.d.s.w.r.o.CachingOperationNameGenerator - [startingWith,40] - Generating unique operation named: removeUsingPOST_57
14:21:47.091 [main] INFO  s.d.s.w.r.o.CachingOperationNameGenerator - [startingWith,40] - Generating unique operation named: updateProductionStageUsingPOST_1
14:21:47.095 [main] INFO  s.d.s.w.r.o.CachingOperationNameGenerator - [startingWith,40] - Generating unique operation named: checkCxProductDimensionLimitUniqueUsingPOST_1
14:21:47.101 [main] INFO  s.d.s.w.r.o.CachingOperationNameGenerator - [startingWith,40] - Generating unique operation named: editSaveUsingPOST_42
14:21:47.106 [main] INFO  s.d.s.w.r.o.CachingOperationNameGenerator - [startingWith,40] - Generating unique operation named: exportUsingGET_72
14:21:47.111 [main] INFO  s.d.s.w.r.o.CachingOperationNameGenerator - [startingWith,40] - Generating unique operation named: importDataUsingPOST_32
14:21:47.118 [main] INFO  s.d.s.w.r.o.CachingOperationNameGenerator - [startingWith,40] - Generating unique operation named: importTemplateUsingGET_5
14:21:47.122 [main] INFO  s.d.s.w.r.o.CachingOperationNameGenerator - [startingWith,40] - Generating unique operation named: listUsingPOST_92
14:21:47.126 [main] INFO  s.d.s.w.r.o.CachingOperationNameGenerator - [startingWith,40] - Generating unique operation named: removeUsingPOST_58
14:21:47.135 [main] INFO  s.d.s.w.r.o.CachingOperationNameGenerator - [startingWith,40] - Generating unique operation named: checkCxProductMachineLimitUniqueUsingPOST_1
14:21:47.139 [main] INFO  s.d.s.w.r.o.CachingOperationNameGenerator - [startingWith,40] - Generating unique operation named: editSaveUsingPOST_43
14:21:47.143 [main] INFO  s.d.s.w.r.o.CachingOperationNameGenerator - [startingWith,40] - Generating unique operation named: exportUsingGET_73
14:21:47.152 [main] INFO  s.d.s.w.r.o.CachingOperationNameGenerator - [startingWith,40] - Generating unique operation named: importDataUsingPOST_33
14:21:47.156 [main] INFO  s.d.s.w.r.o.CachingOperationNameGenerator - [startingWith,40] - Generating unique operation named: importTemplateUsingGET_6
14:21:47.161 [main] INFO  s.d.s.w.r.o.CachingOperationNameGenerator - [startingWith,40] - Generating unique operation named: listUsingPOST_93
14:21:47.167 [main] INFO  s.d.s.w.r.o.CachingOperationNameGenerator - [startingWith,40] - Generating unique operation named: removeUsingPOST_59
14:21:47.172 [main] INFO  s.d.s.w.r.o.CachingOperationNameGenerator - [startingWith,40] - Generating unique operation named: checkCxProductStockLimitUniqueUsingPOST_1
14:21:47.175 [main] INFO  s.d.s.w.r.o.CachingOperationNameGenerator - [startingWith,40] - Generating unique operation named: editSaveUsingPOST_44
14:21:47.179 [main] INFO  s.d.s.w.r.o.CachingOperationNameGenerator - [startingWith,40] - Generating unique operation named: exportUsingGET_74
14:21:47.182 [main] INFO  s.d.s.w.r.o.CachingOperationNameGenerator - [startingWith,40] - Generating unique operation named: importDataUsingPOST_34
14:21:47.186 [main] INFO  s.d.s.w.r.o.CachingOperationNameGenerator - [startingWith,40] - Generating unique operation named: importTemplateUsingGET_7
14:21:47.190 [main] INFO  s.d.s.w.r.o.CachingOperationNameGenerator - [startingWith,40] - Generating unique operation named: listUsingPOST_94
14:21:47.193 [main] INFO  s.d.s.w.r.o.CachingOperationNameGenerator - [startingWith,40] - Generating unique operation named: removeUsingPOST_60
14:21:47.197 [main] INFO  s.d.s.w.r.o.CachingOperationNameGenerator - [startingWith,40] - Generating unique operation named: addUsingGET_13
14:21:47.201 [main] INFO  s.d.s.w.r.o.CachingOperationNameGenerator - [startingWith,40] - Generating unique operation named: editUsingPOST_8
14:21:47.205 [main] INFO  s.d.s.w.r.o.CachingOperationNameGenerator - [startingWith,40] - Generating unique operation named: exportUsingGET_75
14:21:47.209 [main] INFO  s.d.s.w.r.o.CachingOperationNameGenerator - [startingWith,40] - Generating unique operation named: getInfoUsingGET_6
14:21:47.212 [main] INFO  s.d.s.w.r.o.CachingOperationNameGenerator - [startingWith,40] - Generating unique operation named: listUsingPOST_95
14:21:47.215 [main] INFO  s.d.s.w.r.o.CachingOperationNameGenerator - [startingWith,40] - Generating unique operation named: removeUsingPOST_61
14:21:47.217 [main] INFO  s.d.s.w.r.o.CachingOperationNameGenerator - [startingWith,40] - Generating unique operation named: toIndexUsingGET_34
14:21:47.221 [main] INFO  s.d.s.w.r.o.CachingOperationNameGenerator - [startingWith,40] - Generating unique operation named: addUsingGET_14
14:21:47.224 [main] INFO  s.d.s.w.r.o.CachingOperationNameGenerator - [startingWith,40] - Generating unique operation named: editUsingPOST_9
14:21:47.227 [main] INFO  s.d.s.w.r.o.CachingOperationNameGenerator - [startingWith,40] - Generating unique operation named: exportUsingGET_76
14:21:47.230 [main] INFO  s.d.s.w.r.o.CachingOperationNameGenerator - [startingWith,40] - Generating unique operation named: getInfoUsingGET_7
14:21:47.235 [main] INFO  s.d.s.w.r.o.CachingOperationNameGenerator - [startingWith,40] - Generating unique operation named: listUsingPOST_96
14:21:47.238 [main] INFO  s.d.s.w.r.o.CachingOperationNameGenerator - [startingWith,40] - Generating unique operation named: removeUsingPOST_62
14:21:47.240 [main] INFO  s.d.s.w.r.o.CachingOperationNameGenerator - [startingWith,40] - Generating unique operation named: toIndexUsingGET_35
14:21:47.256 [main] INFO  s.d.s.w.r.o.CachingOperationNameGenerator - [startingWith,40] - Generating unique operation named: autoPlanUsingPOST_3
14:21:47.270 [main] INFO  s.d.s.w.r.o.CachingOperationNameGenerator - [startingWith,40] - Generating unique operation named: changeBomDataVersionUsingPOST_2
14:21:47.283 [main] INFO  s.d.s.w.r.o.CachingOperationNameGenerator - [startingWith,40] - Generating unique operation named: changeReleaseStatusUsingPOST_3
14:21:47.296 [main] INFO  s.d.s.w.r.o.CachingOperationNameGenerator - [startingWith,40] - Generating unique operation named: editSaveUsingPOST_45
14:21:47.313 [main] INFO  s.d.s.w.r.o.CachingOperationNameGenerator - [startingWith,40] - Generating unique operation named: exportUsingGET_77
14:21:47.328 [main] INFO  s.d.s.w.r.o.CachingOperationNameGenerator - [startingWith,40] - Generating unique operation named: exportFinishedListUsingGET_1
14:21:47.342 [main] INFO  s.d.s.w.r.o.CachingOperationNameGenerator - [startingWith,40] - Generating unique operation named: finishedListUsingPOST_1
14:21:47.353 [main] INFO  s.d.s.w.r.o.CachingOperationNameGenerator - [startingWith,40] - Generating unique operation named: getCxMachinesUsingPOST_1
14:21:47.361 [main] INFO  s.d.s.w.r.o.CachingOperationNameGenerator - [startingWith,40] - Generating unique operation named: getEmbryoVersionsUsingPOST_6
14:21:47.441 [main] INFO  s.d.s.w.r.o.CachingOperationNameGenerator - [startingWith,40] - Generating unique operation named: getMoldsUsingPOST_1
14:21:47.456 [main] INFO  s.d.s.w.r.o.CachingOperationNameGenerator - [startingWith,40] - Generating unique operation named: lhAutoPlanUsingPOST_1
14:21:47.473 [main] INFO  s.d.s.w.r.o.CachingOperationNameGenerator - [startingWith,40] - Generating unique operation named: listUsingPOST_97
14:21:47.479 [main] INFO  s.d.s.w.r.o.CachingOperationNameGenerator - [startingWith,40] - Generating unique operation named: manualCloseUsingPOST_1
14:21:47.491 [main] INFO  s.d.s.w.r.o.CachingOperationNameGenerator - [startingWith,40] - Generating unique operation named: modelAdjustPlanUsingPOST_1
14:21:47.504 [main] INFO  s.d.s.w.r.o.CachingOperationNameGenerator - [startingWith,40] - Generating unique operation named: modelChangeUsingPOST_1
14:21:47.518 [main] INFO  s.d.s.w.r.o.CachingOperationNameGenerator - [startingWith,40] - Generating unique operation named: modelChangeValidateUsingPOST_1
14:21:47.531 [main] INFO  s.d.s.w.r.o.CachingOperationNameGenerator - [startingWith,40] - Generating unique operation named: modifyMoldsUsingPOST_3
14:21:47.545 [main] INFO  s.d.s.w.r.o.CachingOperationNameGenerator - [startingWith,40] - Generating unique operation named: producingIssueUsingPOST_1
14:21:47.560 [main] INFO  s.d.s.w.r.o.CachingOperationNameGenerator - [startingWith,40] - Generating unique operation named: publishUsingPOST_5
14:21:47.574 [main] INFO  s.d.s.w.r.o.CachingOperationNameGenerator - [startingWith,40] - Generating unique operation named: publishValidateUsingPOST_1
14:21:47.588 [main] INFO  s.d.s.w.r.o.CachingOperationNameGenerator - [startingWith,40] - Generating unique operation named: qtyReferenceUsingPOST_1
14:21:47.598 [main] INFO  s.d.s.w.r.o.CachingOperationNameGenerator - [startingWith,40] - Generating unique operation named: removeUsingPOST_63
14:21:47.607 [main] INFO  s.d.s.w.r.o.CachingOperationNameGenerator - [startingWith,40] - Generating unique operation named: validateConstructionUsingPOST_1
14:21:47.611 [main] INFO  s.d.s.w.r.o.CachingOperationNameGenerator - [startingWith,40] - Generating unique operation named: checkCxShareMoldInfoUniqueUsingPOST_1
14:21:47.614 [main] INFO  s.d.s.w.r.o.CachingOperationNameGenerator - [startingWith,40] - Generating unique operation named: editSaveUsingPOST_46
14:21:47.617 [main] INFO  s.d.s.w.r.o.CachingOperationNameGenerator - [startingWith,40] - Generating unique operation named: exportUsingGET_78
14:21:47.621 [main] INFO  s.d.s.w.r.o.CachingOperationNameGenerator - [startingWith,40] - Generating unique operation named: importDataUsingPOST_35
14:21:47.624 [main] INFO  s.d.s.w.r.o.CachingOperationNameGenerator - [startingWith,40] - Generating unique operation named: importTemplateUsingGET_8
14:21:47.627 [main] INFO  s.d.s.w.r.o.CachingOperationNameGenerator - [startingWith,40] - Generating unique operation named: listUsingPOST_98
14:21:47.630 [main] INFO  s.d.s.w.r.o.CachingOperationNameGenerator - [startingWith,40] - Generating unique operation named: removeUsingPOST_64
14:21:47.633 [main] INFO  s.d.s.w.r.o.CachingOperationNameGenerator - [startingWith,40] - Generating unique operation named: checkCxSpecColorUniqueUsingPOST_1
14:21:47.637 [main] INFO  s.d.s.w.r.o.CachingOperationNameGenerator - [startingWith,40] - Generating unique operation named: editSaveUsingPOST_47
14:21:47.640 [main] INFO  s.d.s.w.r.o.CachingOperationNameGenerator - [startingWith,40] - Generating unique operation named: exportUsingGET_79
14:21:47.643 [main] INFO  s.d.s.w.r.o.CachingOperationNameGenerator - [startingWith,40] - Generating unique operation named: importDataUsingPOST_36
14:21:47.646 [main] INFO  s.d.s.w.r.o.CachingOperationNameGenerator - [startingWith,40] - Generating unique operation named: importTemplateUsingGET_9
14:21:47.649 [main] INFO  s.d.s.w.r.o.CachingOperationNameGenerator - [startingWith,40] - Generating unique operation named: listUsingPOST_99
14:21:47.654 [main] INFO  s.d.s.w.r.o.CachingOperationNameGenerator - [startingWith,40] - Generating unique operation named: removeUsingPOST_65
14:21:47.660 [main] INFO  s.d.s.w.r.o.CachingOperationNameGenerator - [startingWith,40] - Generating unique operation named: editSaveUsingPOST_48
14:21:47.663 [main] INFO  s.d.s.w.r.o.CachingOperationNameGenerator - [startingWith,40] - Generating unique operation named: exportUsingGET_80
14:21:47.668 [main] INFO  s.d.s.w.r.o.CachingOperationNameGenerator - [startingWith,40] - Generating unique operation named: listUsingPOST_100
14:21:47.671 [main] INFO  s.d.s.w.r.o.CachingOperationNameGenerator - [startingWith,40] - Generating unique operation named: removeUsingPOST_66
14:21:47.675 [main] INFO  s.d.s.w.r.o.CachingOperationNameGenerator - [startingWith,40] - Generating unique operation named: addSaveUsingPOST_2
14:21:47.678 [main] INFO  s.d.s.w.r.o.CachingOperationNameGenerator - [startingWith,40] - Generating unique operation named: editSaveUsingPOST_49
14:21:47.682 [main] INFO  s.d.s.w.r.o.CachingOperationNameGenerator - [startingWith,40] - Generating unique operation named: exportUsingGET_81
14:21:47.687 [main] INFO  s.d.s.w.r.o.CachingOperationNameGenerator - [startingWith,40] - Generating unique operation named: getEmbryoVersionsUsingPOST_7
14:21:47.690 [main] INFO  s.d.s.w.r.o.CachingOperationNameGenerator - [startingWith,40] - Generating unique operation named: listUsingPOST_101
14:21:47.693 [main] INFO  s.d.s.w.r.o.CachingOperationNameGenerator - [startingWith,40] - Generating unique operation named: releaseStockUsingPOST_1
14:21:47.737 [main] INFO  s.d.s.w.r.o.CachingOperationNameGenerator - [startingWith,40] - Generating unique operation named: removeUsingPOST_67
14:21:47.744 [main] INFO  s.d.s.w.r.o.CachingOperationNameGenerator - [startingWith,40] - Generating unique operation named: checkCxStockLocationMappingUniqueUsingPOST_1
14:21:47.750 [main] INFO  s.d.s.w.r.o.CachingOperationNameGenerator - [startingWith,40] - Generating unique operation named: editSaveUsingPOST_50
14:21:47.756 [main] INFO  s.d.s.w.r.o.CachingOperationNameGenerator - [startingWith,40] - Generating unique operation named: exportUsingGET_82
14:21:47.771 [main] INFO  s.d.s.w.r.o.CachingOperationNameGenerator - [startingWith,40] - Generating unique operation named: importDataUsingPOST_37
14:21:47.782 [main] INFO  s.d.s.w.r.o.CachingOperationNameGenerator - [startingWith,40] - Generating unique operation named: importTemplateUsingGET_10
14:21:47.791 [main] INFO  s.d.s.w.r.o.CachingOperationNameGenerator - [startingWith,40] - Generating unique operation named: listUsingPOST_102
14:21:47.797 [main] INFO  s.d.s.w.r.o.CachingOperationNameGenerator - [startingWith,40] - Generating unique operation named: removeUsingPOST_68
14:21:47.803 [main] INFO  s.d.s.w.r.o.CachingOperationNameGenerator - [startingWith,40] - Generating unique operation named: checkCxStockLocationSortUniqueUsingPOST_1
14:21:47.809 [main] INFO  s.d.s.w.r.o.CachingOperationNameGenerator - [startingWith,40] - Generating unique operation named: editSaveUsingPOST_51
14:21:47.814 [main] INFO  s.d.s.w.r.o.CachingOperationNameGenerator - [startingWith,40] - Generating unique operation named: exportUsingGET_83
14:21:47.822 [main] INFO  s.d.s.w.r.o.CachingOperationNameGenerator - [startingWith,40] - Generating unique operation named: listUsingPOST_103
14:21:47.828 [main] INFO  s.d.s.w.r.o.CachingOperationNameGenerator - [startingWith,40] - Generating unique operation named: removeUsingPOST_69
14:21:47.844 [main] INFO  s.d.s.w.r.o.CachingOperationNameGenerator - [startingWith,40] - Generating unique operation named: exportUsingGET_84
14:21:47.847 [main] INFO  s.d.s.w.r.o.CachingOperationNameGenerator - [startingWith,40] - Generating unique operation named: listUsingPOST_104
14:21:47.853 [main] INFO  s.d.s.w.r.o.CachingOperationNameGenerator - [startingWith,40] - Generating unique operation named: getExportLogManagementUsingGET_4
14:21:47.865 [main] INFO  s.d.s.w.r.o.CachingOperationNameGenerator - [startingWith,40] - Generating unique operation named: listUsingPOST_105
14:21:47.879 [main] INFO  s.d.s.w.r.o.CachingOperationNameGenerator - [startingWith,40] - Generating unique operation named: detailListUsingPOST_6
14:21:47.884 [main] INFO  s.d.s.w.r.o.CachingOperationNameGenerator - [startingWith,40] - Generating unique operation named: getImportLogManagementUsingGET_4
14:21:47.889 [main] INFO  s.d.s.w.r.o.CachingOperationNameGenerator - [startingWith,40] - Generating unique operation named: gotoErrorDetailUsingGET_4
14:21:47.900 [main] INFO  s.d.s.w.r.o.CachingOperationNameGenerator - [startingWith,40] - Generating unique operation named: listUsingPOST_106
14:21:47.920 [main] INFO  s.d.s.w.r.o.CachingOperationNameGenerator - [startingWith,40] - Generating unique operation named: editSaveUsingPOST_52
14:21:47.924 [main] INFO  s.d.s.w.r.o.CachingOperationNameGenerator - [startingWith,40] - Generating unique operation named: exportUsingGET_85
14:21:47.929 [main] INFO  s.d.s.w.r.o.CachingOperationNameGenerator - [startingWith,40] - Generating unique operation named: importDataUsingPOST_38
14:21:47.941 [main] INFO  s.d.s.w.r.o.CachingOperationNameGenerator - [startingWith,40] - Generating unique operation named: importTemplateUsingGET_11
14:21:47.956 [main] INFO  s.d.s.w.r.o.CachingOperationNameGenerator - [startingWith,40] - Generating unique operation named: listUsingPOST_107
14:21:47.962 [main] INFO  s.d.s.w.r.o.CachingOperationNameGenerator - [startingWith,40] - Generating unique operation named: removeUsingPOST_70
14:21:47.966 [main] INFO  s.d.s.w.r.o.CachingOperationNameGenerator - [startingWith,40] - Generating unique operation named: removeAllUsingPOST_6
14:21:47.973 [main] INFO  s.d.s.w.r.o.CachingOperationNameGenerator - [startingWith,40] - Generating unique operation named: addUsingGET_15
14:21:47.978 [main] INFO  s.d.s.w.r.o.CachingOperationNameGenerator - [startingWith,40] - Generating unique operation named: editUsingGET_11
14:21:47.988 [main] INFO  s.d.s.w.r.o.CachingOperationNameGenerator - [startingWith,40] - Generating unique operation named: exportUsingGET_86
14:21:47.996 [main] INFO  s.d.s.w.r.o.CachingOperationNameGenerator - [startingWith,40] - Generating unique operation named: importDataUsingPOST_39
14:21:48.003 [main] INFO  s.d.s.w.r.o.CachingOperationNameGenerator - [startingWith,40] - Generating unique operation named: importTemplateUsingGET_12
14:21:48.009 [main] INFO  s.d.s.w.r.o.CachingOperationNameGenerator - [startingWith,40] - Generating unique operation named: listUsingPOST_108
14:21:48.015 [main] INFO  s.d.s.w.r.o.CachingOperationNameGenerator - [startingWith,40] - Generating unique operation named: removeUsingPOST_71
14:21:48.040 [main] INFO  s.d.s.w.r.o.CachingOperationNameGenerator - [startingWith,40] - Generating unique operation named: editUsingPOST_10
14:21:48.045 [main] INFO  s.d.s.w.r.o.CachingOperationNameGenerator - [startingWith,40] - Generating unique operation named: exportUsingGET_87
14:21:48.051 [main] INFO  s.d.s.w.r.o.CachingOperationNameGenerator - [startingWith,40] - Generating unique operation named: getInfoUsingGET_8
14:21:48.059 [main] INFO  s.d.s.w.r.o.CachingOperationNameGenerator - [startingWith,40] - Generating unique operation named: listUsingPOST_109
14:21:48.066 [main] INFO  s.d.s.w.r.o.CachingOperationNameGenerator - [startingWith,40] - Generating unique operation named: addUsingGET_16
14:21:48.074 [main] INFO  s.d.s.w.r.o.CachingOperationNameGenerator - [startingWith,40] - Generating unique operation named: editUsingGET_12
14:21:48.091 [main] INFO  s.d.s.w.r.o.CachingOperationNameGenerator - [startingWith,40] - Generating unique operation named: editSaveUsingPOST_53
14:21:48.117 [main] INFO  s.d.s.w.r.o.CachingOperationNameGenerator - [startingWith,40] - Generating unique operation named: exportUsingGET_88
14:21:48.124 [main] INFO  s.d.s.w.r.o.CachingOperationNameGenerator - [startingWith,40] - Generating unique operation named: importDataUsingPOST_40
14:21:48.133 [main] INFO  s.d.s.w.r.o.CachingOperationNameGenerator - [startingWith,40] - Generating unique operation named: importTemplateUsingGET_13
14:21:48.142 [main] INFO  s.d.s.w.r.o.CachingOperationNameGenerator - [startingWith,40] - Generating unique operation named: listUsingPOST_110
14:21:48.150 [main] INFO  s.d.s.w.r.o.CachingOperationNameGenerator - [startingWith,40] - Generating unique operation named: removeUsingPOST_72
14:21:48.154 [main] INFO  s.d.s.w.r.o.CachingOperationNameGenerator - [startingWith,40] - Generating unique operation named: toIndexUsingGET_36
14:21:48.166 [main] INFO  s.d.s.w.r.o.CachingOperationNameGenerator - [startingWith,40] - Generating unique operation named: addUsingGET_17
14:21:48.191 [main] INFO  s.d.s.w.r.o.CachingOperationNameGenerator - [startingWith,40] - Generating unique operation named: autoPlanUsingPOST_4
14:21:48.213 [main] INFO  s.d.s.w.r.o.CachingOperationNameGenerator - [startingWith,40] - Generating unique operation named: changeQtyUsingPOST_2
14:21:48.224 [main] INFO  s.d.s.w.r.o.CachingOperationNameGenerator - [startingWith,40] - Generating unique operation named: changeReleaseStatusUsingPOST_4
14:21:48.254 [main] INFO  s.d.s.w.r.o.CachingOperationNameGenerator - [startingWith,40] - Generating unique operation named: checkUniqueUsingPOST_2
14:21:48.265 [main] INFO  s.d.s.w.r.o.CachingOperationNameGenerator - [startingWith,40] - Generating unique operation named: editUsingGET_13
14:21:48.277 [main] INFO  s.d.s.w.r.o.CachingOperationNameGenerator - [startingWith,40] - Generating unique operation named: editSaveUsingPOST_54
14:21:48.288 [main] INFO  s.d.s.w.r.o.CachingOperationNameGenerator - [startingWith,40] - Generating unique operation named: exportUsingGET_89
14:21:48.294 [main] INFO  s.d.s.w.r.o.CachingOperationNameGenerator - [startingWith,40] - Generating unique operation named: importDataUsingPOST_41
14:21:48.300 [main] INFO  s.d.s.w.r.o.CachingOperationNameGenerator - [startingWith,40] - Generating unique operation named: importData2UsingPOST_1
14:21:48.309 [main] INFO  s.d.s.w.r.o.CachingOperationNameGenerator - [startingWith,40] - Generating unique operation named: importTemplateUsingGET_14
14:21:48.319 [main] INFO  s.d.s.w.r.o.CachingOperationNameGenerator - [startingWith,40] - Generating unique operation named: listUsingPOST_111
14:21:48.328 [main] INFO  s.d.s.w.r.o.CachingOperationNameGenerator - [startingWith,40] - Generating unique operation named: publishUsingPOST_6
14:21:48.335 [main] INFO  s.d.s.w.r.o.CachingOperationNameGenerator - [startingWith,40] - Generating unique operation named: removeUsingPOST_73
14:21:48.344 [main] INFO  s.d.s.w.r.o.CachingOperationNameGenerator - [startingWith,40] - Generating unique operation named: toAutoPlanUsingGET_1
14:21:48.352 [main] INFO  s.d.s.w.r.o.CachingOperationNameGenerator - [startingWith,40] - Generating unique operation named: validateAutoPlanUsingPOST_1
14:21:48.358 [main] INFO  s.d.s.w.r.o.CachingOperationNameGenerator - [startingWith,40] - Generating unique operation named: addUsingGET_18
14:21:48.368 [main] INFO  s.d.s.w.r.o.CachingOperationNameGenerator - [startingWith,40] - Generating unique operation named: checkRollCodeUniqueUsingPOST_2
14:21:48.372 [main] INFO  s.d.s.w.r.o.CachingOperationNameGenerator - [startingWith,40] - Generating unique operation named: editUsingGET_14
14:21:48.375 [main] INFO  s.d.s.w.r.o.CachingOperationNameGenerator - [startingWith,40] - Generating unique operation named: exportUsingGET_90
14:21:48.380 [main] INFO  s.d.s.w.r.o.CachingOperationNameGenerator - [startingWith,40] - Generating unique operation named: importDataUsingPOST_42
14:21:48.384 [main] INFO  s.d.s.w.r.o.CachingOperationNameGenerator - [startingWith,40] - Generating unique operation named: importTemplateUsingGET_15
14:21:48.390 [main] INFO  s.d.s.w.r.o.CachingOperationNameGenerator - [startingWith,40] - Generating unique operation named: listUsingPOST_112
14:21:48.395 [main] INFO  s.d.s.w.r.o.CachingOperationNameGenerator - [startingWith,40] - Generating unique operation named: removeUsingPOST_74
14:21:48.399 [main] INFO  s.d.s.w.r.o.CachingOperationNameGenerator - [startingWith,40] - Generating unique operation named: saveGlueGroupOrderUsingPOST_2
14:21:48.410 [main] INFO  s.d.s.w.r.o.CachingOperationNameGenerator - [startingWith,40] - Generating unique operation named: addSaveUsingPOST_3
14:21:48.417 [main] INFO  s.d.s.w.r.o.CachingOperationNameGenerator - [startingWith,40] - Generating unique operation named: editSaveUsingPOST_55
14:21:48.422 [main] INFO  s.d.s.w.r.o.CachingOperationNameGenerator - [startingWith,40] - Generating unique operation named: exportUsingGET_91
14:21:48.427 [main] INFO  s.d.s.w.r.o.CachingOperationNameGenerator - [startingWith,40] - Generating unique operation named: listUsingPOST_113
14:21:48.432 [main] INFO  s.d.s.w.r.o.CachingOperationNameGenerator - [startingWith,40] - Generating unique operation named: removeUsingPOST_75
14:21:48.444 [main] INFO  s.d.s.w.r.o.CachingOperationNameGenerator - [startingWith,40] - Generating unique operation named: exportUsingGET_92
14:21:48.448 [main] INFO  s.d.s.w.r.o.CachingOperationNameGenerator - [startingWith,40] - Generating unique operation named: listUsingPOST_114
14:21:48.452 [main] INFO  s.d.s.w.r.o.CachingOperationNameGenerator - [startingWith,40] - Generating unique operation named: addUsingGET_19
14:21:48.462 [main] INFO  s.d.s.w.r.o.CachingOperationNameGenerator - [startingWith,40] - Generating unique operation named: checkAssistSpecCodeUniqueUsingPOST_2
14:21:48.466 [main] INFO  s.d.s.w.r.o.CachingOperationNameGenerator - [startingWith,40] - Generating unique operation named: editUsingGET_15
14:21:48.470 [main] INFO  s.d.s.w.r.o.CachingOperationNameGenerator - [startingWith,40] - Generating unique operation named: exportUsingGET_93
14:21:48.475 [main] INFO  s.d.s.w.r.o.CachingOperationNameGenerator - [startingWith,40] - Generating unique operation named: listUsingPOST_115
14:21:48.479 [main] INFO  s.d.s.w.r.o.CachingOperationNameGenerator - [startingWith,40] - Generating unique operation named: removeUsingPOST_76
14:21:48.482 [main] INFO  s.d.s.w.r.o.CachingOperationNameGenerator - [startingWith,40] - Generating unique operation named: saveAssistSpecUsingPOST_2
14:21:48.495 [main] INFO  s.d.s.w.r.o.CachingOperationNameGenerator - [startingWith,40] - Generating unique operation named: exportUsingGET_94
14:21:48.498 [main] INFO  s.d.s.w.r.o.CachingOperationNameGenerator - [startingWith,40] - Generating unique operation named: listUsingPOST_116
14:21:48.502 [main] INFO  s.d.s.w.r.o.CachingOperationNameGenerator - [startingWith,40] - Generating unique operation named: getExportLogManagementUsingGET_5
14:21:48.510 [main] INFO  s.d.s.w.r.o.CachingOperationNameGenerator - [startingWith,40] - Generating unique operation named: listUsingPOST_117
14:21:48.536 [main] INFO  s.d.s.w.r.o.CachingOperationNameGenerator - [startingWith,40] - Generating unique operation named: detailListUsingPOST_7
14:21:48.540 [main] INFO  s.d.s.w.r.o.CachingOperationNameGenerator - [startingWith,40] - Generating unique operation named: getImportLogManagementUsingGET_5
14:21:48.544 [main] INFO  s.d.s.w.r.o.CachingOperationNameGenerator - [startingWith,40] - Generating unique operation named: gotoErrorDetailUsingGET_5
14:21:48.553 [main] INFO  s.d.s.w.r.o.CachingOperationNameGenerator - [startingWith,40] - Generating unique operation named: listUsingPOST_118
14:21:48.566 [main] INFO  s.d.s.w.r.o.CachingOperationNameGenerator - [startingWith,40] - Generating unique operation named: editSaveUsingPOST_56
14:21:48.569 [main] INFO  s.d.s.w.r.o.CachingOperationNameGenerator - [startingWith,40] - Generating unique operation named: exportUsingGET_95
14:21:48.573 [main] INFO  s.d.s.w.r.o.CachingOperationNameGenerator - [startingWith,40] - Generating unique operation named: importDataUsingPOST_43
14:21:48.576 [main] INFO  s.d.s.w.r.o.CachingOperationNameGenerator - [startingWith,40] - Generating unique operation named: importTemplateUsingGET_16
14:21:48.580 [main] INFO  s.d.s.w.r.o.CachingOperationNameGenerator - [startingWith,40] - Generating unique operation named: listUsingPOST_119
14:21:48.585 [main] INFO  s.d.s.w.r.o.CachingOperationNameGenerator - [startingWith,40] - Generating unique operation named: removeUsingPOST_77
14:21:48.588 [main] INFO  s.d.s.w.r.o.CachingOperationNameGenerator - [startingWith,40] - Generating unique operation named: removeAllUsingPOST_7
14:21:48.598 [main] INFO  s.d.s.w.r.o.CachingOperationNameGenerator - [startingWith,40] - Generating unique operation named: checkMachineCodeUniqueUsingPOST_4
14:21:48.604 [main] INFO  s.d.s.w.r.o.CachingOperationNameGenerator - [startingWith,40] - Generating unique operation named: editSaveUsingPOST_57
14:21:48.609 [main] INFO  s.d.s.w.r.o.CachingOperationNameGenerator - [startingWith,40] - Generating unique operation named: exportUsingGET_96
14:21:48.613 [main] INFO  s.d.s.w.r.o.CachingOperationNameGenerator - [startingWith,40] - Generating unique operation named: listUsingPOST_120
14:21:48.616 [main] INFO  s.d.s.w.r.o.CachingOperationNameGenerator - [startingWith,40] - Generating unique operation named: removeUsingPOST_78
14:21:48.624 [main] INFO  s.d.s.w.r.o.CachingOperationNameGenerator - [startingWith,40] - Generating unique operation named: editUsingPOST_11
14:21:48.628 [main] INFO  s.d.s.w.r.o.CachingOperationNameGenerator - [startingWith,40] - Generating unique operation named: exportUsingGET_97
14:21:48.632 [main] INFO  s.d.s.w.r.o.CachingOperationNameGenerator - [startingWith,40] - Generating unique operation named: getInfoUsingGET_9
14:21:48.635 [main] INFO  s.d.s.w.r.o.CachingOperationNameGenerator - [startingWith,40] - Generating unique operation named: listUsingPOST_121
14:21:48.643 [main] INFO  s.d.s.w.r.o.CachingOperationNameGenerator - [startingWith,40] - Generating unique operation named: editSaveUsingPOST_58
14:21:48.647 [main] INFO  s.d.s.w.r.o.CachingOperationNameGenerator - [startingWith,40] - Generating unique operation named: exportUsingGET_98
14:21:48.651 [main] INFO  s.d.s.w.r.o.CachingOperationNameGenerator - [startingWith,40] - Generating unique operation named: listUsingPOST_122
14:21:48.654 [main] INFO  s.d.s.w.r.o.CachingOperationNameGenerator - [startingWith,40] - Generating unique operation named: removeUsingPOST_79
14:21:48.662 [main] INFO  s.d.s.w.r.o.CachingOperationNameGenerator - [startingWith,40] - Generating unique operation named: addUsingGET_20
14:21:48.675 [main] INFO  s.d.s.w.r.o.CachingOperationNameGenerator - [startingWith,40] - Generating unique operation named: autoPlanUsingPOST_5
14:21:48.681 [main] INFO  s.d.s.w.r.o.CachingOperationNameGenerator - [startingWith,40] - Generating unique operation named: batchChangeMachineUsingPOST_2
14:21:48.687 [main] INFO  s.d.s.w.r.o.CachingOperationNameGenerator - [startingWith,40] - Generating unique operation named: changeMachineUsingGET_2
14:21:48.693 [main] INFO  s.d.s.w.r.o.CachingOperationNameGenerator - [startingWith,40] - Generating unique operation named: changeMachineUsingPOST_4
14:21:48.697 [main] INFO  s.d.s.w.r.o.CachingOperationNameGenerator - [startingWith,40] - Generating unique operation named: changeQtyUsingGET_1
14:21:48.702 [main] INFO  s.d.s.w.r.o.CachingOperationNameGenerator - [startingWith,40] - Generating unique operation named: changeQtyUsingPOST_3
14:21:48.708 [main] INFO  s.d.s.w.r.o.CachingOperationNameGenerator - [startingWith,40] - Generating unique operation named: changeReleaseStatusUsingPOST_5
14:21:48.713 [main] INFO  s.d.s.w.r.o.CachingOperationNameGenerator - [startingWith,40] - Generating unique operation named: checkUniqueUsingPOST_3
14:21:48.724 [main] INFO  s.d.s.w.r.o.CachingOperationNameGenerator - [startingWith,40] - Generating unique operation named: chooseMachineUsingPOST_2
14:21:48.728 [main] INFO  s.d.s.w.r.o.CachingOperationNameGenerator - [startingWith,40] - Generating unique operation named: editUsingGET_16
14:21:48.733 [main] INFO  s.d.s.w.r.o.CachingOperationNameGenerator - [startingWith,40] - Generating unique operation named: editSaveUsingPOST_59
14:21:48.739 [main] INFO  s.d.s.w.r.o.CachingOperationNameGenerator - [startingWith,40] - Generating unique operation named: exportUsingGET_99
14:21:48.743 [main] INFO  s.d.s.w.r.o.CachingOperationNameGenerator - [startingWith,40] - Generating unique operation named: importDataUsingPOST_44
14:21:48.747 [main] INFO  s.d.s.w.r.o.CachingOperationNameGenerator - [startingWith,40] - Generating unique operation named: importData2UsingPOST_2
14:21:48.751 [main] INFO  s.d.s.w.r.o.CachingOperationNameGenerator - [startingWith,40] - Generating unique operation named: importTemplateUsingGET_17
14:21:48.756 [main] INFO  s.d.s.w.r.o.CachingOperationNameGenerator - [startingWith,40] - Generating unique operation named: listUsingPOST_123
14:21:48.761 [main] INFO  s.d.s.w.r.o.CachingOperationNameGenerator - [startingWith,40] - Generating unique operation named: publishUsingPOST_7
14:21:48.765 [main] INFO  s.d.s.w.r.o.CachingOperationNameGenerator - [startingWith,40] - Generating unique operation named: removeUsingPOST_80
14:21:48.769 [main] INFO  s.d.s.w.r.o.CachingOperationNameGenerator - [startingWith,40] - Generating unique operation named: toAutoPlanUsingGET_2
14:21:48.774 [main] INFO  s.d.s.w.r.o.CachingOperationNameGenerator - [startingWith,40] - Generating unique operation named: toIndexUsingGET_37
14:21:48.778 [main] INFO  s.d.s.w.r.o.CachingOperationNameGenerator - [startingWith,40] - Generating unique operation named: validateAutoPlanUsingPOST_2
14:21:48.782 [main] INFO  s.d.s.w.r.o.CachingOperationNameGenerator - [startingWith,40] - Generating unique operation named: addUsingGET_21
14:21:48.785 [main] INFO  s.d.s.w.r.o.CachingOperationNameGenerator - [startingWith,40] - Generating unique operation named: editUsingGET_17
14:21:48.793 [main] INFO  s.d.s.w.r.o.CachingOperationNameGenerator - [startingWith,40] - Generating unique operation named: exportUsingGET_100
14:21:48.796 [main] INFO  s.d.s.w.r.o.CachingOperationNameGenerator - [startingWith,40] - Generating unique operation named: importDataUsingPOST_45
14:21:48.798 [main] INFO  s.d.s.w.r.o.CachingOperationNameGenerator - [startingWith,40] - Generating unique operation named: importTemplateUsingGET_18
14:21:48.801 [main] INFO  s.d.s.w.r.o.CachingOperationNameGenerator - [startingWith,40] - Generating unique operation named: listUsingPOST_124
14:21:48.805 [main] INFO  s.d.s.w.r.o.CachingOperationNameGenerator - [startingWith,40] - Generating unique operation named: removeUsingPOST_81
14:21:48.807 [main] INFO  s.d.s.w.r.o.CachingOperationNameGenerator - [startingWith,40] - Generating unique operation named: removeAllUsingPOST_8
14:21:48.811 [main] INFO  s.d.s.w.r.o.CachingOperationNameGenerator - [startingWith,40] - Generating unique operation named: saveSpecifyMachineUsingPOST_2
14:21:48.814 [main] INFO  s.d.s.w.r.o.CachingOperationNameGenerator - [startingWith,40] - Generating unique operation named: addUsingGET_22
14:21:48.825 [main] INFO  s.d.s.w.r.o.CachingOperationNameGenerator - [startingWith,40] - Generating unique operation named: checkRollCodeUniqueUsingPOST_3
14:21:48.829 [main] INFO  s.d.s.w.r.o.CachingOperationNameGenerator - [startingWith,40] - Generating unique operation named: editUsingGET_18
14:21:48.833 [main] INFO  s.d.s.w.r.o.CachingOperationNameGenerator - [startingWith,40] - Generating unique operation named: exportUsingGET_101
14:21:48.838 [main] INFO  s.d.s.w.r.o.CachingOperationNameGenerator - [startingWith,40] - Generating unique operation named: importDataUsingPOST_46
14:21:48.841 [main] INFO  s.d.s.w.r.o.CachingOperationNameGenerator - [startingWith,40] - Generating unique operation named: importTemplateUsingGET_19
14:21:48.845 [main] INFO  s.d.s.w.r.o.CachingOperationNameGenerator - [startingWith,40] - Generating unique operation named: listUsingPOST_125
14:21:48.849 [main] INFO  s.d.s.w.r.o.CachingOperationNameGenerator - [startingWith,40] - Generating unique operation named: removeUsingPOST_82
14:21:48.854 [main] INFO  s.d.s.w.r.o.CachingOperationNameGenerator - [startingWith,40] - Generating unique operation named: saveGlueGroupOrderUsingPOST_3
14:21:48.867 [main] INFO  s.d.s.w.r.o.CachingOperationNameGenerator - [startingWith,40] - Generating unique operation named: addSaveUsingPOST_4
14:21:48.872 [main] INFO  s.d.s.w.r.o.CachingOperationNameGenerator - [startingWith,40] - Generating unique operation named: editSaveUsingPOST_60
14:21:48.877 [main] INFO  s.d.s.w.r.o.CachingOperationNameGenerator - [startingWith,40] - Generating unique operation named: exportUsingGET_102
14:21:48.881 [main] INFO  s.d.s.w.r.o.CachingOperationNameGenerator - [startingWith,40] - Generating unique operation named: listUsingPOST_126
14:21:48.884 [main] INFO  s.d.s.w.r.o.CachingOperationNameGenerator - [startingWith,40] - Generating unique operation named: removeUsingPOST_83
14:21:48.888 [main] INFO  s.d.s.w.r.o.CachingOperationNameGenerator - [startingWith,40] - Generating unique operation named: addUsingGET_23
14:21:48.903 [main] INFO  s.d.s.w.r.o.CachingOperationNameGenerator - [startingWith,40] - Generating unique operation named: editUsingGET_19
14:21:48.906 [main] INFO  s.d.s.w.r.o.CachingOperationNameGenerator - [startingWith,40] - Generating unique operation named: exportUsingGET_103
14:21:48.910 [main] INFO  s.d.s.w.r.o.CachingOperationNameGenerator - [startingWith,40] - Generating unique operation named: importDataUsingPOST_47
14:21:48.913 [main] INFO  s.d.s.w.r.o.CachingOperationNameGenerator - [startingWith,40] - Generating unique operation named: importTemplateUsingGET_20
14:21:48.916 [main] INFO  s.d.s.w.r.o.CachingOperationNameGenerator - [startingWith,40] - Generating unique operation named: listUsingPOST_127
14:21:48.919 [main] INFO  s.d.s.w.r.o.CachingOperationNameGenerator - [startingWith,40] - Generating unique operation named: removeUsingPOST_84
14:21:48.922 [main] INFO  s.d.s.w.r.o.CachingOperationNameGenerator - [startingWith,40] - Generating unique operation named: removeAllUsingPOST_9
14:21:48.928 [main] INFO  s.d.s.w.r.o.CachingOperationNameGenerator - [startingWith,40] - Generating unique operation named: checkInProductionSpecUniqueUsingPOST_1
14:21:48.931 [main] INFO  s.d.s.w.r.o.CachingOperationNameGenerator - [startingWith,40] - Generating unique operation named: editSaveUsingPOST_61
14:21:48.933 [main] INFO  s.d.s.w.r.o.CachingOperationNameGenerator - [startingWith,40] - Generating unique operation named: exportUsingGET_104
14:21:48.936 [main] INFO  s.d.s.w.r.o.CachingOperationNameGenerator - [startingWith,40] - Generating unique operation named: importDataUsingPOST_48
14:21:48.940 [main] INFO  s.d.s.w.r.o.CachingOperationNameGenerator - [startingWith,40] - Generating unique operation named: importTemplateUsingGET_21
14:21:48.944 [main] INFO  s.d.s.w.r.o.CachingOperationNameGenerator - [startingWith,40] - Generating unique operation named: listUsingPOST_128
14:21:48.948 [main] INFO  s.d.s.w.r.o.CachingOperationNameGenerator - [startingWith,40] - Generating unique operation named: removeUsingPOST_85
14:21:48.985 [main] INFO  s.d.s.w.r.o.CachingOperationNameGenerator - [startingWith,40] - Generating unique operation named: editSaveUsingPOST_62
14:21:48.993 [main] INFO  s.d.s.w.r.o.CachingOperationNameGenerator - [startingWith,40] - Generating unique operation named: exportUsingGET_105
14:21:49.018 [main] INFO  s.d.s.w.r.o.CachingOperationNameGenerator - [startingWith,40] - Generating unique operation named: importDataUsingPOST_49
14:21:49.024 [main] INFO  s.d.s.w.r.o.CachingOperationNameGenerator - [startingWith,40] - Generating unique operation named: importTemplateUsingGET_22
14:21:49.029 [main] INFO  s.d.s.w.r.o.CachingOperationNameGenerator - [startingWith,40] - Generating unique operation named: listUsingPOST_129
14:21:49.036 [main] INFO  s.d.s.w.r.o.CachingOperationNameGenerator - [startingWith,40] - Generating unique operation named: publishUsingPOST_8
14:21:49.041 [main] INFO  s.d.s.w.r.o.CachingOperationNameGenerator - [startingWith,40] - Generating unique operation named: removeUsingPOST_86
14:21:49.049 [main] INFO  s.d.s.w.r.o.CachingOperationNameGenerator - [startingWith,40] - Generating unique operation named: exportUsingGET_106
14:21:49.052 [main] INFO  s.d.s.w.r.o.CachingOperationNameGenerator - [startingWith,40] - Generating unique operation named: listUsingPOST_130
14:21:49.064 [main] INFO  s.d.s.w.r.o.CachingOperationNameGenerator - [startingWith,40] - Generating unique operation named: editSaveUsingPOST_63
14:21:49.068 [main] INFO  s.d.s.w.r.o.CachingOperationNameGenerator - [startingWith,40] - Generating unique operation named: exportUsingGET_107
14:21:49.071 [main] INFO  s.d.s.w.r.o.CachingOperationNameGenerator - [startingWith,40] - Generating unique operation named: importDataUsingPOST_50
14:21:49.074 [main] INFO  s.d.s.w.r.o.CachingOperationNameGenerator - [startingWith,40] - Generating unique operation named: importTemplateUsingGET_23
14:21:49.078 [main] INFO  s.d.s.w.r.o.CachingOperationNameGenerator - [startingWith,40] - Generating unique operation named: listUsingPOST_131
14:21:49.081 [main] INFO  s.d.s.w.r.o.CachingOperationNameGenerator - [startingWith,40] - Generating unique operation named: removeUsingPOST_87
14:21:49.091 [main] INFO  s.d.s.w.r.o.CachingOperationNameGenerator - [startingWith,40] - Generating unique operation named: editSaveUsingPOST_64
14:21:49.094 [main] INFO  s.d.s.w.r.o.CachingOperationNameGenerator - [startingWith,40] - Generating unique operation named: exportUsingGET_108
14:21:49.097 [main] INFO  s.d.s.w.r.o.CachingOperationNameGenerator - [startingWith,40] - Generating unique operation named: listUsingPOST_132
14:21:49.100 [main] INFO  s.d.s.w.r.o.CachingOperationNameGenerator - [startingWith,40] - Generating unique operation named: removeUsingPOST_88
14:21:49.109 [main] INFO  s.d.s.w.r.o.CachingOperationNameGenerator - [startingWith,40] - Generating unique operation named: checkMachineCodeUniqueUsingPOST_5
14:21:49.113 [main] INFO  s.d.s.w.r.o.CachingOperationNameGenerator - [startingWith,40] - Generating unique operation named: editSaveUsingPOST_65
14:21:49.116 [main] INFO  s.d.s.w.r.o.CachingOperationNameGenerator - [startingWith,40] - Generating unique operation named: exportUsingGET_109
14:21:49.120 [main] INFO  s.d.s.w.r.o.CachingOperationNameGenerator - [startingWith,40] - Generating unique operation named: listUsingPOST_133
14:21:49.123 [main] INFO  s.d.s.w.r.o.CachingOperationNameGenerator - [startingWith,40] - Generating unique operation named: removeUsingPOST_89
14:21:49.138 [main] INFO  s.d.s.w.r.o.CachingOperationNameGenerator - [startingWith,40] - Generating unique operation named: editSaveUsingPOST_66
14:21:49.142 [main] INFO  s.d.s.w.r.o.CachingOperationNameGenerator - [startingWith,40] - Generating unique operation named: exportUsingGET_110
14:21:49.145 [main] INFO  s.d.s.w.r.o.CachingOperationNameGenerator - [startingWith,40] - Generating unique operation named: importDataUsingPOST_51
14:21:49.148 [main] INFO  s.d.s.w.r.o.CachingOperationNameGenerator - [startingWith,40] - Generating unique operation named: importTemplateUsingGET_24
14:21:49.151 [main] INFO  s.d.s.w.r.o.CachingOperationNameGenerator - [startingWith,40] - Generating unique operation named: listUsingPOST_134
14:21:49.155 [main] INFO  s.d.s.w.r.o.CachingOperationNameGenerator - [startingWith,40] - Generating unique operation named: removeUsingPOST_90
14:21:49.165 [main] INFO  s.d.s.w.r.o.CachingOperationNameGenerator - [startingWith,40] - Generating unique operation named: editSaveUsingPOST_67
14:21:49.169 [main] INFO  s.d.s.w.r.o.CachingOperationNameGenerator - [startingWith,40] - Generating unique operation named: exportUsingGET_111
14:21:49.173 [main] INFO  s.d.s.w.r.o.CachingOperationNameGenerator - [startingWith,40] - Generating unique operation named: listUsingPOST_135
14:21:49.178 [main] INFO  s.d.s.w.r.o.CachingOperationNameGenerator - [startingWith,40] - Generating unique operation named: publishUsingPOST_9
14:21:49.182 [main] INFO  s.d.s.w.r.o.CachingOperationNameGenerator - [startingWith,40] - Generating unique operation named: removeUsingPOST_91
14:21:49.200 [main] INFO  s.d.s.w.r.o.CachingOperationNameGenerator - [startingWith,40] - Generating unique operation named: editUsingPOST_12
14:21:49.203 [main] INFO  s.d.s.w.r.o.CachingOperationNameGenerator - [startingWith,40] - Generating unique operation named: exportUsingGET_112
14:21:49.206 [main] INFO  s.d.s.w.r.o.CachingOperationNameGenerator - [startingWith,40] - Generating unique operation named: getInfoUsingGET_10
14:21:49.209 [main] INFO  s.d.s.w.r.o.CachingOperationNameGenerator - [startingWith,40] - Generating unique operation named: listUsingPOST_136
14:21:49.216 [main] INFO  s.d.s.w.r.o.CachingOperationNameGenerator - [startingWith,40] - Generating unique operation named: addUsingGET_24
14:21:49.223 [main] INFO  s.d.s.w.r.o.CachingOperationNameGenerator - [startingWith,40] - Generating unique operation named: changeMachineUsingGET_3
14:21:49.239 [main] INFO  s.d.s.w.r.o.CachingOperationNameGenerator - [startingWith,40] - Generating unique operation named: changeMachineUsingPOST_5
14:21:49.248 [main] INFO  s.d.s.w.r.o.CachingOperationNameGenerator - [startingWith,40] - Generating unique operation named: changeQtyUsingGET_2
14:21:49.258 [main] INFO  s.d.s.w.r.o.CachingOperationNameGenerator - [startingWith,40] - Generating unique operation named: changeQtyUsingPOST_4
14:21:49.272 [main] INFO  s.d.s.w.r.o.CachingOperationNameGenerator - [startingWith,40] - Generating unique operation named: changeReleaseStatusUsingPOST_6
14:21:49.293 [main] INFO  s.d.s.w.r.o.CachingOperationNameGenerator - [startingWith,40] - Generating unique operation named: editUsingGET_20
14:21:49.305 [main] INFO  s.d.s.w.r.o.CachingOperationNameGenerator - [startingWith,40] - Generating unique operation named: editSaveUsingPOST_68
14:21:49.312 [main] INFO  s.d.s.w.r.o.CachingOperationNameGenerator - [startingWith,40] - Generating unique operation named: exportUsingGET_113
14:21:49.341 [main] INFO  s.d.s.w.r.o.CachingOperationNameGenerator - [startingWith,40] - Generating unique operation named: lhAutoPlanUsingPOST_2
14:21:49.351 [main] INFO  s.d.s.w.r.o.CachingOperationNameGenerator - [startingWith,40] - Generating unique operation named: listUsingPOST_137
14:21:49.360 [main] INFO  s.d.s.w.r.o.CachingOperationNameGenerator - [startingWith,40] - Generating unique operation named: publishUsingPOST_10
14:21:49.365 [main] INFO  s.d.s.w.r.o.CachingOperationNameGenerator - [startingWith,40] - Generating unique operation named: removeUsingPOST_92
14:21:49.373 [main] INFO  s.d.s.w.r.o.CachingOperationNameGenerator - [startingWith,40] - Generating unique operation named: toIndexUsingGET_38
14:21:49.385 [main] INFO  s.d.s.w.r.o.CachingOperationNameGenerator - [startingWith,40] - Generating unique operation named: editSaveUsingPOST_69
14:21:49.389 [main] INFO  s.d.s.w.r.o.CachingOperationNameGenerator - [startingWith,40] - Generating unique operation named: exportUsingGET_114
14:21:49.393 [main] INFO  s.d.s.w.r.o.CachingOperationNameGenerator - [startingWith,40] - Generating unique operation named: listUsingPOST_138
14:21:49.397 [main] INFO  s.d.s.w.r.o.CachingOperationNameGenerator - [startingWith,40] - Generating unique operation named: removeUsingPOST_93
14:21:49.419 [main] INFO  s.d.s.w.r.o.CachingOperationNameGenerator - [startingWith,40] - Generating unique operation named: editSaveUsingPOST_70
14:21:49.426 [main] INFO  s.d.s.w.r.o.CachingOperationNameGenerator - [startingWith,40] - Generating unique operation named: exportUsingGET_115
14:21:49.438 [main] INFO  s.d.s.w.r.o.CachingOperationNameGenerator - [startingWith,40] - Generating unique operation named: importDataUsingPOST_52
14:21:49.443 [main] INFO  s.d.s.w.r.o.CachingOperationNameGenerator - [startingWith,40] - Generating unique operation named: importTemplateUsingGET_25
14:21:49.448 [main] INFO  s.d.s.w.r.o.CachingOperationNameGenerator - [startingWith,40] - Generating unique operation named: listUsingPOST_139
14:21:49.456 [main] INFO  s.d.s.w.r.o.CachingOperationNameGenerator - [startingWith,40] - Generating unique operation named: removeUsingPOST_94
14:21:49.478 [main] INFO  s.d.s.w.r.o.CachingOperationNameGenerator - [startingWith,40] - Generating unique operation named: detailUsingGET_2
14:21:49.485 [main] INFO  s.d.s.w.r.o.CachingOperationNameGenerator - [startingWith,40] - Generating unique operation named: listUsingPOST_140
14:21:49.529 [main] INFO  s.d.s.w.r.o.CachingOperationNameGenerator - [startingWith,40] - Generating unique operation named: changeBomDataVersionUsingPOST_3
14:21:49.540 [main] INFO  s.d.s.w.r.o.CachingOperationNameGenerator - [startingWith,40] - Generating unique operation named: checkMdmMonthProdPlanUniqueUsingPOST_1
14:21:49.549 [main] INFO  s.d.s.w.r.o.CachingOperationNameGenerator - [startingWith,40] - Generating unique operation named: editSaveUsingPOST_71
14:21:49.559 [main] INFO  s.d.s.w.r.o.CachingOperationNameGenerator - [startingWith,40] - Generating unique operation named: expectedExportUsingGET_1
14:21:49.569 [main] INFO  s.d.s.w.r.o.CachingOperationNameGenerator - [startingWith,40] - Generating unique operation named: exportUsingGET_116
14:21:49.579 [main] INFO  s.d.s.w.r.o.CachingOperationNameGenerator - [startingWith,40] - Generating unique operation named: getSpecDescUsingPOST_2
14:21:49.585 [main] INFO  s.d.s.w.r.o.CachingOperationNameGenerator - [startingWith,40] - Generating unique operation named: importDataUsingPOST_53
14:21:49.595 [main] INFO  s.d.s.w.r.o.CachingOperationNameGenerator - [startingWith,40] - Generating unique operation named: importTemplateUsingGET_26
14:21:49.606 [main] INFO  s.d.s.w.r.o.CachingOperationNameGenerator - [startingWith,40] - Generating unique operation named: issuePlanUsingPOST_1
14:21:49.617 [main] INFO  s.d.s.w.r.o.CachingOperationNameGenerator - [startingWith,40] - Generating unique operation named: listUsingPOST_141
14:21:49.730 [main] INFO  s.d.s.w.r.o.CachingOperationNameGenerator - [startingWith,40] - Generating unique operation named: overProdExportUsingGET_1
14:21:49.784 [main] INFO  s.d.s.w.r.o.CachingOperationNameGenerator - [startingWith,40] - Generating unique operation named: removeUsingPOST_95
14:21:49.796 [main] INFO  s.d.s.w.r.o.CachingOperationNameGenerator - [startingWith,40] - Generating unique operation named: updateExpectedExcessArrearsUsingPOST_1
14:21:49.801 [main] INFO  s.d.s.w.r.o.CachingOperationNameGenerator - [startingWith,40] - Generating unique operation named: checkMidNightShiftFinishUniqueUsingPOST_1
14:21:49.806 [main] INFO  s.d.s.w.r.o.CachingOperationNameGenerator - [startingWith,40] - Generating unique operation named: editSaveUsingPOST_72
14:21:49.811 [main] INFO  s.d.s.w.r.o.CachingOperationNameGenerator - [startingWith,40] - Generating unique operation named: exportUsingGET_117
14:21:49.815 [main] INFO  s.d.s.w.r.o.CachingOperationNameGenerator - [startingWith,40] - Generating unique operation named: importDataUsingPOST_54
14:21:49.819 [main] INFO  s.d.s.w.r.o.CachingOperationNameGenerator - [startingWith,40] - Generating unique operation named: importTemplateUsingGET_27
14:21:49.825 [main] INFO  s.d.s.w.r.o.CachingOperationNameGenerator - [startingWith,40] - Generating unique operation named: listUsingPOST_142
14:21:49.831 [main] INFO  s.d.s.w.r.o.CachingOperationNameGenerator - [startingWith,40] - Generating unique operation named: removeUsingPOST_96
14:21:49.851 [main] INFO  s.d.s.w.r.o.CachingOperationNameGenerator - [startingWith,40] - Generating unique operation named: editSaveUsingPOST_73
14:21:49.858 [main] INFO  s.d.s.w.r.o.CachingOperationNameGenerator - [startingWith,40] - Generating unique operation named: exportUsingGET_118
14:21:49.864 [main] INFO  s.d.s.w.r.o.CachingOperationNameGenerator - [startingWith,40] - Generating unique operation named: importDataUsingPOST_55
14:21:49.868 [main] INFO  s.d.s.w.r.o.CachingOperationNameGenerator - [startingWith,40] - Generating unique operation named: importTemplateUsingGET_28
14:21:49.874 [main] INFO  s.d.s.w.r.o.CachingOperationNameGenerator - [startingWith,40] - Generating unique operation named: listUsingPOST_143
14:21:49.880 [main] INFO  s.d.s.w.r.o.CachingOperationNameGenerator - [startingWith,40] - Generating unique operation named: removeUsingPOST_97
14:21:49.900 [main] INFO  s.d.s.w.r.o.CachingOperationNameGenerator - [startingWith,40] - Generating unique operation named: editSaveUsingPOST_74
14:21:49.906 [main] INFO  s.d.s.w.r.o.CachingOperationNameGenerator - [startingWith,40] - Generating unique operation named: exportUsingGET_119
14:21:49.910 [main] INFO  s.d.s.w.r.o.CachingOperationNameGenerator - [startingWith,40] - Generating unique operation named: importDataUsingPOST_56
14:21:49.914 [main] INFO  s.d.s.w.r.o.CachingOperationNameGenerator - [startingWith,40] - Generating unique operation named: importTemplateUsingGET_29
14:21:49.918 [main] INFO  s.d.s.w.r.o.CachingOperationNameGenerator - [startingWith,40] - Generating unique operation named: listUsingPOST_144
14:21:49.923 [main] INFO  s.d.s.w.r.o.CachingOperationNameGenerator - [startingWith,40] - Generating unique operation named: removeUsingPOST_98
14:21:49.936 [main] INFO  s.d.s.w.r.o.CachingOperationNameGenerator - [startingWith,40] - Generating unique operation named: editSaveUsingPOST_75
14:21:49.941 [main] INFO  s.d.s.w.r.o.CachingOperationNameGenerator - [startingWith,40] - Generating unique operation named: exportUsingGET_120
14:21:49.946 [main] INFO  s.d.s.w.r.o.CachingOperationNameGenerator - [startingWith,40] - Generating unique operation named: importDataUsingPOST_57
14:21:49.950 [main] INFO  s.d.s.w.r.o.CachingOperationNameGenerator - [startingWith,40] - Generating unique operation named: importTemplateUsingGET_30
14:21:49.957 [main] INFO  s.d.s.w.r.o.CachingOperationNameGenerator - [startingWith,40] - Generating unique operation named: listUsingPOST_145
14:21:49.963 [main] INFO  s.d.s.w.r.o.CachingOperationNameGenerator - [startingWith,40] - Generating unique operation named: removeUsingPOST_99
14:21:49.981 [main] INFO  s.d.s.w.r.o.CachingOperationNameGenerator - [startingWith,40] - Generating unique operation named: editSaveUsingPOST_76
14:21:49.986 [main] INFO  s.d.s.w.r.o.CachingOperationNameGenerator - [startingWith,40] - Generating unique operation named: exportUsingGET_121
14:21:49.994 [main] INFO  s.d.s.w.r.o.CachingOperationNameGenerator - [startingWith,40] - Generating unique operation named: importDataUsingPOST_58
14:21:50.021 [main] INFO  s.d.s.w.r.o.CachingOperationNameGenerator - [startingWith,40] - Generating unique operation named: importTemplateUsingGET_31
14:21:50.026 [main] INFO  s.d.s.w.r.o.CachingOperationNameGenerator - [startingWith,40] - Generating unique operation named: listUsingPOST_146
14:21:50.030 [main] INFO  s.d.s.w.r.o.CachingOperationNameGenerator - [startingWith,40] - Generating unique operation named: removeUsingPOST_100
14:21:50.048 [main] INFO  s.d.s.w.r.o.CachingOperationNameGenerator - [startingWith,40] - Generating unique operation named: editSaveUsingPOST_77
14:21:50.052 [main] INFO  s.d.s.w.r.o.CachingOperationNameGenerator - [startingWith,40] - Generating unique operation named: exportUsingGET_122
14:21:50.057 [main] INFO  s.d.s.w.r.o.CachingOperationNameGenerator - [startingWith,40] - Generating unique operation named: importDataUsingPOST_59
14:21:50.060 [main] INFO  s.d.s.w.r.o.CachingOperationNameGenerator - [startingWith,40] - Generating unique operation named: importTemplateUsingGET_32
14:21:50.065 [main] INFO  s.d.s.w.r.o.CachingOperationNameGenerator - [startingWith,40] - Generating unique operation named: listUsingPOST_147
14:21:50.068 [main] INFO  s.d.s.w.r.o.CachingOperationNameGenerator - [startingWith,40] - Generating unique operation named: removeUsingPOST_101
14:21:50.081 [main] INFO  s.d.s.w.r.o.CachingOperationNameGenerator - [startingWith,40] - Generating unique operation named: editSaveUsingPOST_78
14:21:50.084 [main] INFO  s.d.s.w.r.o.CachingOperationNameGenerator - [startingWith,40] - Generating unique operation named: exportUsingGET_123
14:21:50.088 [main] INFO  s.d.s.w.r.o.CachingOperationNameGenerator - [startingWith,40] - Generating unique operation named: importDataUsingPOST_60
14:21:50.092 [main] INFO  s.d.s.w.r.o.CachingOperationNameGenerator - [startingWith,40] - Generating unique operation named: importTemplateUsingGET_33
14:21:50.097 [main] INFO  s.d.s.w.r.o.CachingOperationNameGenerator - [startingWith,40] - Generating unique operation named: listUsingPOST_148
14:21:50.102 [main] INFO  s.d.s.w.r.o.CachingOperationNameGenerator - [startingWith,40] - Generating unique operation named: removeUsingPOST_102
14:21:50.115 [main] INFO  s.d.s.w.r.o.CachingOperationNameGenerator - [startingWith,40] - Generating unique operation named: editSaveUsingPOST_79
14:21:50.118 [main] INFO  s.d.s.w.r.o.CachingOperationNameGenerator - [startingWith,40] - Generating unique operation named: exportUsingGET_124
14:21:50.121 [main] INFO  s.d.s.w.r.o.CachingOperationNameGenerator - [startingWith,40] - Generating unique operation named: importDataUsingPOST_61
14:21:50.125 [main] INFO  s.d.s.w.r.o.CachingOperationNameGenerator - [startingWith,40] - Generating unique operation named: importTemplateUsingGET_34
14:21:50.128 [main] INFO  s.d.s.w.r.o.CachingOperationNameGenerator - [startingWith,40] - Generating unique operation named: listUsingPOST_149
14:21:50.131 [main] INFO  s.d.s.w.r.o.CachingOperationNameGenerator - [startingWith,40] - Generating unique operation named: removeUsingPOST_103
14:21:50.143 [main] INFO  s.d.s.w.r.o.CachingOperationNameGenerator - [startingWith,40] - Generating unique operation named: editSaveUsingPOST_80
14:21:50.147 [main] INFO  s.d.s.w.r.o.CachingOperationNameGenerator - [startingWith,40] - Generating unique operation named: exportUsingGET_125
14:21:50.150 [main] INFO  s.d.s.w.r.o.CachingOperationNameGenerator - [startingWith,40] - Generating unique operation named: importDataUsingPOST_62
14:21:50.155 [main] INFO  s.d.s.w.r.o.CachingOperationNameGenerator - [startingWith,40] - Generating unique operation named: importTemplateUsingGET_35
14:21:50.159 [main] INFO  s.d.s.w.r.o.CachingOperationNameGenerator - [startingWith,40] - Generating unique operation named: listUsingPOST_150
14:21:50.162 [main] INFO  s.d.s.w.r.o.CachingOperationNameGenerator - [startingWith,40] - Generating unique operation named: removeUsingPOST_104
14:21:50.175 [main] INFO  s.d.s.w.r.o.CachingOperationNameGenerator - [startingWith,40] - Generating unique operation named: editSaveUsingPOST_81
14:21:50.178 [main] INFO  s.d.s.w.r.o.CachingOperationNameGenerator - [startingWith,40] - Generating unique operation named: exportUsingGET_126
14:21:50.182 [main] INFO  s.d.s.w.r.o.CachingOperationNameGenerator - [startingWith,40] - Generating unique operation named: importDataUsingPOST_63
14:21:50.185 [main] INFO  s.d.s.w.r.o.CachingOperationNameGenerator - [startingWith,40] - Generating unique operation named: importTemplateUsingGET_36
14:21:50.190 [main] INFO  s.d.s.w.r.o.CachingOperationNameGenerator - [startingWith,40] - Generating unique operation named: listUsingPOST_151
14:21:50.193 [main] INFO  s.d.s.w.r.o.CachingOperationNameGenerator - [startingWith,40] - Generating unique operation named: removeUsingPOST_105
14:21:50.207 [main] INFO  s.d.s.w.r.o.CachingOperationNameGenerator - [startingWith,40] - Generating unique operation named: editSaveUsingPOST_82
14:21:50.212 [main] INFO  s.d.s.w.r.o.CachingOperationNameGenerator - [startingWith,40] - Generating unique operation named: exportUsingGET_127
14:21:50.266 [main] INFO  s.d.s.w.r.o.CachingOperationNameGenerator - [startingWith,40] - Generating unique operation named: importDataUsingPOST_64
14:21:50.274 [main] INFO  s.d.s.w.r.o.CachingOperationNameGenerator - [startingWith,40] - Generating unique operation named: importTemplateUsingGET_37
14:21:50.279 [main] INFO  s.d.s.w.r.o.CachingOperationNameGenerator - [startingWith,40] - Generating unique operation named: listUsingPOST_152
14:21:50.282 [main] INFO  s.d.s.w.r.o.CachingOperationNameGenerator - [startingWith,40] - Generating unique operation named: removeUsingPOST_106
14:21:50.295 [main] INFO  s.d.s.w.r.o.CachingOperationNameGenerator - [startingWith,40] - Generating unique operation named: editSaveUsingPOST_83
14:21:50.299 [main] INFO  s.d.s.w.r.o.CachingOperationNameGenerator - [startingWith,40] - Generating unique operation named: exportUsingGET_128
14:21:50.302 [main] INFO  s.d.s.w.r.o.CachingOperationNameGenerator - [startingWith,40] - Generating unique operation named: importDataUsingPOST_65
14:21:50.306 [main] INFO  s.d.s.w.r.o.CachingOperationNameGenerator - [startingWith,40] - Generating unique operation named: importTemplateUsingGET_38
14:21:50.309 [main] INFO  s.d.s.w.r.o.CachingOperationNameGenerator - [startingWith,40] - Generating unique operation named: listUsingPOST_153
14:21:50.314 [main] INFO  s.d.s.w.r.o.CachingOperationNameGenerator - [startingWith,40] - Generating unique operation named: removeUsingPOST_107
14:21:50.327 [main] INFO  s.d.s.w.r.o.CachingOperationNameGenerator - [startingWith,40] - Generating unique operation named: exportUsingGET_129
14:21:50.330 [main] INFO  s.d.s.w.r.o.CachingOperationNameGenerator - [startingWith,40] - Generating unique operation named: listUsingPOST_154
14:21:50.334 [main] INFO  s.d.s.w.r.o.CachingOperationNameGenerator - [startingWith,40] - Generating unique operation named: addUsingGET_25
14:21:50.342 [main] INFO  s.d.s.w.r.o.CachingOperationNameGenerator - [startingWith,40] - Generating unique operation named: checkAssistSpecCodeUniqueUsingPOST_3
14:21:50.346 [main] INFO  s.d.s.w.r.o.CachingOperationNameGenerator - [startingWith,40] - Generating unique operation named: editUsingGET_21
14:21:50.349 [main] INFO  s.d.s.w.r.o.CachingOperationNameGenerator - [startingWith,40] - Generating unique operation named: exportUsingGET_130
14:21:50.352 [main] INFO  s.d.s.w.r.o.CachingOperationNameGenerator - [startingWith,40] - Generating unique operation named: listUsingPOST_155
14:21:50.355 [main] INFO  s.d.s.w.r.o.CachingOperationNameGenerator - [startingWith,40] - Generating unique operation named: removeUsingPOST_108
14:21:50.361 [main] INFO  s.d.s.w.r.o.CachingOperationNameGenerator - [startingWith,40] - Generating unique operation named: saveAssistSpecUsingPOST_3
14:21:50.367 [main] INFO  s.d.s.w.r.o.CachingOperationNameGenerator - [startingWith,40] - Generating unique operation named: addUsingGET_26
14:21:50.384 [main] INFO  s.d.s.w.r.o.CachingOperationNameGenerator - [startingWith,40] - Generating unique operation named: editUsingGET_22
14:21:50.387 [main] INFO  s.d.s.w.r.o.CachingOperationNameGenerator - [startingWith,40] - Generating unique operation named: exportUsingGET_131
14:21:50.393 [main] INFO  s.d.s.w.r.o.CachingOperationNameGenerator - [startingWith,40] - Generating unique operation named: listUsingPOST_156
14:21:50.396 [main] INFO  s.d.s.w.r.o.CachingOperationNameGenerator - [startingWith,40] - Generating unique operation named: removeUsingPOST_109
14:21:50.408 [main] INFO  s.d.s.w.r.o.CachingOperationNameGenerator - [startingWith,40] - Generating unique operation named: exportUsingGET_132
14:21:50.412 [main] INFO  s.d.s.w.r.o.CachingOperationNameGenerator - [startingWith,40] - Generating unique operation named: listUsingPOST_157
14:21:50.417 [main] INFO  s.d.s.w.r.o.CachingOperationNameGenerator - [startingWith,40] - Generating unique operation named: getExportLogManagementUsingGET_6
14:21:50.427 [main] INFO  s.d.s.w.r.o.CachingOperationNameGenerator - [startingWith,40] - Generating unique operation named: listUsingPOST_158
14:21:50.431 [main] INFO  s.d.s.w.r.o.CachingOperationNameGenerator - [startingWith,40] - Generating unique operation named: addUsingGET_27
14:21:50.442 [main] INFO  s.d.s.w.r.o.CachingOperationNameGenerator - [startingWith,40] - Generating unique operation named: editUsingGET_23
14:21:50.445 [main] INFO  s.d.s.w.r.o.CachingOperationNameGenerator - [startingWith,40] - Generating unique operation named: exportUsingGET_133
14:21:50.448 [main] INFO  s.d.s.w.r.o.CachingOperationNameGenerator - [startingWith,40] - Generating unique operation named: listUsingPOST_159
14:21:50.452 [main] INFO  s.d.s.w.r.o.CachingOperationNameGenerator - [startingWith,40] - Generating unique operation named: removeUsingPOST_110
14:21:50.456 [main] INFO  s.d.s.w.r.o.CachingOperationNameGenerator - [startingWith,40] - Generating unique operation named: saveGlueGroupOrderUsingPOST_4
14:21:50.460 [main] INFO  s.d.s.w.r.o.CachingOperationNameGenerator - [startingWith,40] - Generating unique operation named: addUsingGET_28
14:21:50.472 [main] INFO  s.d.s.w.r.o.CachingOperationNameGenerator - [startingWith,40] - Generating unique operation named: editUsingGET_24
14:21:50.475 [main] INFO  s.d.s.w.r.o.CachingOperationNameGenerator - [startingWith,40] - Generating unique operation named: exportUsingGET_134
14:21:50.478 [main] INFO  s.d.s.w.r.o.CachingOperationNameGenerator - [startingWith,40] - Generating unique operation named: listUsingPOST_160
14:21:50.481 [main] INFO  s.d.s.w.r.o.CachingOperationNameGenerator - [startingWith,40] - Generating unique operation named: removeUsingPOST_111
14:21:50.492 [main] INFO  s.d.s.w.r.o.CachingOperationNameGenerator - [startingWith,40] - Generating unique operation named: detailListUsingPOST_8
14:21:50.495 [main] INFO  s.d.s.w.r.o.CachingOperationNameGenerator - [startingWith,40] - Generating unique operation named: getImportLogManagementUsingGET_6
14:21:50.500 [main] INFO  s.d.s.w.r.o.CachingOperationNameGenerator - [startingWith,40] - Generating unique operation named: gotoErrorDetailUsingGET_6
14:21:50.508 [main] INFO  s.d.s.w.r.o.CachingOperationNameGenerator - [startingWith,40] - Generating unique operation named: listUsingPOST_161
14:21:50.520 [main] INFO  s.d.s.w.r.o.CachingOperationNameGenerator - [startingWith,40] - Generating unique operation named: editSaveUsingPOST_84
14:21:50.524 [main] INFO  s.d.s.w.r.o.CachingOperationNameGenerator - [startingWith,40] - Generating unique operation named: exportUsingGET_135
14:21:50.528 [main] INFO  s.d.s.w.r.o.CachingOperationNameGenerator - [startingWith,40] - Generating unique operation named: listUsingPOST_162
14:21:50.531 [main] INFO  s.d.s.w.r.o.CachingOperationNameGenerator - [startingWith,40] - Generating unique operation named: removeUsingPOST_112
14:21:50.533 [main] INFO  s.d.s.w.r.o.CachingOperationNameGenerator - [startingWith,40] - Generating unique operation named: removeAllUsingPOST_10
14:21:50.543 [main] INFO  s.d.s.w.r.o.CachingOperationNameGenerator - [startingWith,40] - Generating unique operation named: checkMachineCodeUniqueUsingPOST_6
14:21:50.547 [main] INFO  s.d.s.w.r.o.CachingOperationNameGenerator - [startingWith,40] - Generating unique operation named: editSaveUsingPOST_85
14:21:50.550 [main] INFO  s.d.s.w.r.o.CachingOperationNameGenerator - [startingWith,40] - Generating unique operation named: exportUsingGET_136
14:21:50.553 [main] INFO  s.d.s.w.r.o.CachingOperationNameGenerator - [startingWith,40] - Generating unique operation named: listUsingPOST_163
14:21:50.556 [main] INFO  s.d.s.w.r.o.CachingOperationNameGenerator - [startingWith,40] - Generating unique operation named: removeUsingPOST_113
14:21:50.560 [main] INFO  s.d.s.w.r.o.CachingOperationNameGenerator - [startingWith,40] - Generating unique operation named: addUsingGET_29
14:21:50.567 [main] INFO  s.d.s.w.r.o.CachingOperationNameGenerator - [startingWith,40] - Generating unique operation named: editUsingPOST_13
14:21:50.570 [main] INFO  s.d.s.w.r.o.CachingOperationNameGenerator - [startingWith,40] - Generating unique operation named: exportUsingGET_137
14:21:50.575 [main] INFO  s.d.s.w.r.o.CachingOperationNameGenerator - [startingWith,40] - Generating unique operation named: getInfoUsingGET_11
14:21:50.579 [main] INFO  s.d.s.w.r.o.CachingOperationNameGenerator - [startingWith,40] - Generating unique operation named: listUsingPOST_164
14:21:50.582 [main] INFO  s.d.s.w.r.o.CachingOperationNameGenerator - [startingWith,40] - Generating unique operation named: removeUsingPOST_114
14:21:50.584 [main] INFO  s.d.s.w.r.o.CachingOperationNameGenerator - [startingWith,40] - Generating unique operation named: toIndexUsingGET_39
14:21:50.593 [main] INFO  s.d.s.w.r.o.CachingOperationNameGenerator - [startingWith,40] - Generating unique operation named: editUsingPOST_14
14:21:50.595 [main] INFO  s.d.s.w.r.o.CachingOperationNameGenerator - [startingWith,40] - Generating unique operation named: exportUsingGET_138
14:21:50.598 [main] INFO  s.d.s.w.r.o.CachingOperationNameGenerator - [startingWith,40] - Generating unique operation named: getInfoUsingGET_12
14:21:50.601 [main] INFO  s.d.s.w.r.o.CachingOperationNameGenerator - [startingWith,40] - Generating unique operation named: listUsingPOST_165
14:21:50.610 [main] INFO  s.d.s.w.r.o.CachingOperationNameGenerator - [startingWith,40] - Generating unique operation named: editSaveUsingPOST_86
14:21:50.613 [main] INFO  s.d.s.w.r.o.CachingOperationNameGenerator - [startingWith,40] - Generating unique operation named: exportUsingGET_139
14:21:50.616 [main] INFO  s.d.s.w.r.o.CachingOperationNameGenerator - [startingWith,40] - Generating unique operation named: listUsingPOST_166
14:21:50.619 [main] INFO  s.d.s.w.r.o.CachingOperationNameGenerator - [startingWith,40] - Generating unique operation named: removeUsingPOST_115
14:21:50.631 [main] INFO  s.d.s.w.r.o.CachingOperationNameGenerator - [startingWith,40] - Generating unique operation named: autoPlanUsingPOST_6
14:21:50.640 [main] INFO  s.d.s.w.r.o.CachingOperationNameGenerator - [startingWith,40] - Generating unique operation named: balanceUsingPOST_2
14:21:50.645 [main] INFO  s.d.s.w.r.o.CachingOperationNameGenerator - [startingWith,40] - Generating unique operation named: batchChangeMachineUsingPOST_3
14:21:50.653 [main] INFO  s.d.s.w.r.o.CachingOperationNameGenerator - [startingWith,40] - Generating unique operation named: changeMachineUsingPOST_6
14:21:50.660 [main] INFO  s.d.s.w.r.o.CachingOperationNameGenerator - [startingWith,40] - Generating unique operation named: changeQtyUsingPOST_5
14:21:50.666 [main] INFO  s.d.s.w.r.o.CachingOperationNameGenerator - [startingWith,40] - Generating unique operation named: changeReleaseStatusUsingPOST_7
14:21:50.673 [main] INFO  s.d.s.w.r.o.CachingOperationNameGenerator - [startingWith,40] - Generating unique operation named: chooseMachineUsingPOST_3
14:21:50.677 [main] INFO  s.d.s.w.r.o.CachingOperationNameGenerator - [startingWith,40] - Generating unique operation named: combinationMiddleAndNightUsingPOST_2
14:21:50.683 [main] INFO  s.d.s.w.r.o.CachingOperationNameGenerator - [startingWith,40] - Generating unique operation named: editSaveUsingPOST_87
14:21:50.691 [main] INFO  s.d.s.w.r.o.CachingOperationNameGenerator - [startingWith,40] - Generating unique operation named: exportUsingGET_140
14:21:50.697 [main] INFO  s.d.s.w.r.o.CachingOperationNameGenerator - [startingWith,40] - Generating unique operation named: listUsingPOST_167
14:21:50.707 [main] INFO  s.d.s.w.r.o.CachingOperationNameGenerator - [startingWith,40] - Generating unique operation named: publishUsingPOST_11
14:21:50.712 [main] INFO  s.d.s.w.r.o.CachingOperationNameGenerator - [startingWith,40] - Generating unique operation named: removeUsingPOST_116
14:21:50.715 [main] INFO  s.d.s.w.r.o.CachingOperationNameGenerator - [startingWith,40] - Generating unique operation named: addUsingGET_30
14:21:50.718 [main] INFO  s.d.s.w.r.o.CachingOperationNameGenerator - [startingWith,40] - Generating unique operation named: editUsingGET_25
14:21:50.726 [main] INFO  s.d.s.w.r.o.CachingOperationNameGenerator - [startingWith,40] - Generating unique operation named: exportUsingGET_141
14:21:50.730 [main] INFO  s.d.s.w.r.o.CachingOperationNameGenerator - [startingWith,40] - Generating unique operation named: listUsingPOST_168
14:21:50.733 [main] INFO  s.d.s.w.r.o.CachingOperationNameGenerator - [startingWith,40] - Generating unique operation named: removeUsingPOST_117
14:21:50.736 [main] INFO  s.d.s.w.r.o.CachingOperationNameGenerator - [startingWith,40] - Generating unique operation named: removeAllUsingPOST_11
14:21:50.741 [main] INFO  s.d.s.w.r.o.CachingOperationNameGenerator - [startingWith,40] - Generating unique operation named: saveSpecifyMachineUsingPOST_3
14:21:50.750 [main] INFO  s.d.s.w.r.o.CachingOperationNameGenerator - [startingWith,40] - Generating unique operation named: addSaveUsingPOST_5
14:21:50.754 [main] INFO  s.d.s.w.r.o.CachingOperationNameGenerator - [startingWith,40] - Generating unique operation named: editSaveUsingPOST_88
14:21:50.760 [main] INFO  s.d.s.w.r.o.CachingOperationNameGenerator - [startingWith,40] - Generating unique operation named: exportUsingGET_142
14:21:50.763 [main] INFO  s.d.s.w.r.o.CachingOperationNameGenerator - [startingWith,40] - Generating unique operation named: listUsingPOST_169
14:21:50.766 [main] INFO  s.d.s.w.r.o.CachingOperationNameGenerator - [startingWith,40] - Generating unique operation named: removeUsingPOST_118
14:21:50.770 [main] INFO  s.d.s.w.r.o.CachingOperationNameGenerator - [startingWith,40] - Generating unique operation named: exportUsingGET_143
14:21:50.773 [main] INFO  s.d.s.w.r.o.CachingOperationNameGenerator - [startingWith,40] - Generating unique operation named: getInfoUsingGET_13
14:21:50.776 [main] INFO  s.d.s.w.r.o.CachingOperationNameGenerator - [startingWith,40] - Generating unique operation named: listUsingPOST_170
14:21:50.779 [main] INFO  s.d.s.w.r.o.CachingOperationNameGenerator - [startingWith,40] - Generating unique operation named: exportUsingGET_144
14:21:50.782 [main] INFO  s.d.s.w.r.o.CachingOperationNameGenerator - [startingWith,40] - Generating unique operation named: listUsingPOST_171
14:21:50.785 [main] INFO  s.d.s.w.r.o.CachingOperationNameGenerator - [startingWith,40] - Generating unique operation named: exportUsingGET_145
14:21:50.787 [main] INFO  s.d.s.w.r.o.CachingOperationNameGenerator - [startingWith,40] - Generating unique operation named: listUsingPOST_172
14:21:50.790 [main] INFO  s.d.s.w.r.o.CachingOperationNameGenerator - [startingWith,40] - Generating unique operation named: exportUsingGET_146
14:21:50.792 [main] INFO  s.d.s.w.r.o.CachingOperationNameGenerator - [startingWith,40] - Generating unique operation named: listUsingPOST_173
14:21:50.797 [main] INFO  s.d.s.w.r.o.CachingOperationNameGenerator - [startingWith,40] - Generating unique operation named: importDataUsingPOST_66
14:21:50.800 [main] INFO  s.d.s.w.r.o.CachingOperationNameGenerator - [startingWith,40] - Generating unique operation named: importTemplateUsingGET_39
14:21:50.802 [main] INFO  s.d.s.w.r.o.CachingOperationNameGenerator - [startingWith,40] - Generating unique operation named: listUsingPOST_174
14:21:50.810 [main] INFO  s.d.s.w.r.o.CachingOperationNameGenerator - [startingWith,40] - Generating unique operation named: checkSapSpecMoldUseUniqueUsingPOST_1
14:21:50.813 [main] INFO  s.d.s.w.r.o.CachingOperationNameGenerator - [startingWith,40] - Generating unique operation named: editSaveUsingPOST_89
14:21:50.817 [main] INFO  s.d.s.w.r.o.CachingOperationNameGenerator - [startingWith,40] - Generating unique operation named: exportUsingGET_147
14:21:50.822 [main] INFO  s.d.s.w.r.o.CachingOperationNameGenerator - [startingWith,40] - Generating unique operation named: getSpecDescUsingPOST_3
14:21:50.826 [main] INFO  s.d.s.w.r.o.CachingOperationNameGenerator - [startingWith,40] - Generating unique operation named: importDataUsingPOST_67
14:21:50.829 [main] INFO  s.d.s.w.r.o.CachingOperationNameGenerator - [startingWith,40] - Generating unique operation named: importTemplateUsingGET_40
14:21:50.832 [main] INFO  s.d.s.w.r.o.CachingOperationNameGenerator - [startingWith,40] - Generating unique operation named: listUsingPOST_175
14:21:50.834 [main] INFO  s.d.s.w.r.o.CachingOperationNameGenerator - [startingWith,40] - Generating unique operation named: removeUsingPOST_119
14:21:50.847 [main] INFO  s.d.s.w.r.o.CachingOperationNameGenerator - [startingWith,40] - Generating unique operation named: exportUsingGET_148
14:21:50.859 [main] INFO  s.d.s.w.r.o.CachingOperationNameGenerator - [startingWith,40] - Generating unique operation named: exportUsingGET_149
14:21:50.867 [main] INFO  s.d.s.w.r.o.CachingOperationNameGenerator - [startingWith,40] - Generating unique operation named: exportUsingGET_150
14:21:50.897 [main] INFO  s.d.s.w.r.o.CachingOperationNameGenerator - [startingWith,40] - Generating unique operation named: exportUsingGET_151
14:21:50.905 [main] INFO  s.d.s.w.r.o.CachingOperationNameGenerator - [startingWith,40] - Generating unique operation named: exportUsingGET_152
14:21:50.913 [main] INFO  s.d.s.w.r.o.CachingOperationNameGenerator - [startingWith,40] - Generating unique operation named: exportUsingGET_153
14:21:50.931 [main] INFO  s.d.s.w.r.o.CachingOperationNameGenerator - [startingWith,40] - Generating unique operation named: exportUsingGET_154
14:21:50.940 [main] INFO  s.d.s.w.r.o.CachingOperationNameGenerator - [startingWith,40] - Generating unique operation named: exportUsingGET_155
14:21:50.943 [main] INFO  s.d.s.w.r.o.CachingOperationNameGenerator - [startingWith,40] - Generating unique operation named: listUsingPOST_176
14:21:50.947 [main] INFO  s.d.s.w.r.o.CachingOperationNameGenerator - [startingWith,40] - Generating unique operation named: addUsingGET_31
14:21:50.954 [main] INFO  s.d.s.w.r.o.CachingOperationNameGenerator - [startingWith,40] - Generating unique operation named: checkAssistSpecCodeUniqueUsingPOST_4
14:21:50.958 [main] INFO  s.d.s.w.r.o.CachingOperationNameGenerator - [startingWith,40] - Generating unique operation named: editUsingGET_26
14:21:50.961 [main] INFO  s.d.s.w.r.o.CachingOperationNameGenerator - [startingWith,40] - Generating unique operation named: exportUsingGET_156
14:21:50.966 [main] INFO  s.d.s.w.r.o.CachingOperationNameGenerator - [startingWith,40] - Generating unique operation named: listUsingPOST_177
14:21:50.970 [main] INFO  s.d.s.w.r.o.CachingOperationNameGenerator - [startingWith,40] - Generating unique operation named: removeUsingPOST_120
14:21:50.975 [main] INFO  s.d.s.w.r.o.CachingOperationNameGenerator - [startingWith,40] - Generating unique operation named: saveAssistSpecUsingPOST_4
14:21:50.980 [main] INFO  s.d.s.w.r.o.CachingOperationNameGenerator - [startingWith,40] - Generating unique operation named: addUsingGET_32
14:21:50.989 [main] INFO  s.d.s.w.r.o.CachingOperationNameGenerator - [startingWith,40] - Generating unique operation named: checkCurlRollCodeUniqueUsingPOST_1
14:21:50.994 [main] INFO  s.d.s.w.r.o.CachingOperationNameGenerator - [startingWith,40] - Generating unique operation named: editUsingGET_27
14:21:50.999 [main] INFO  s.d.s.w.r.o.CachingOperationNameGenerator - [startingWith,40] - Generating unique operation named: exportUsingGET_157
14:21:51.008 [main] INFO  s.d.s.w.r.o.CachingOperationNameGenerator - [startingWith,40] - Generating unique operation named: listUsingPOST_178
14:21:51.014 [main] INFO  s.d.s.w.r.o.CachingOperationNameGenerator - [startingWith,40] - Generating unique operation named: removeUsingPOST_121
14:21:51.018 [main] INFO  s.d.s.w.r.o.CachingOperationNameGenerator - [startingWith,40] - Generating unique operation named: saveCurlRollUsingPOST_1
14:21:51.030 [main] INFO  s.d.s.w.r.o.CachingOperationNameGenerator - [startingWith,40] - Generating unique operation named: exportUsingGET_158
14:21:51.034 [main] INFO  s.d.s.w.r.o.CachingOperationNameGenerator - [startingWith,40] - Generating unique operation named: listUsingPOST_179
14:21:51.039 [main] INFO  s.d.s.w.r.o.CachingOperationNameGenerator - [startingWith,40] - Generating unique operation named: getExportLogManagementUsingGET_7
14:21:51.053 [main] INFO  s.d.s.w.r.o.CachingOperationNameGenerator - [startingWith,40] - Generating unique operation named: listUsingPOST_180
14:21:51.063 [main] INFO  s.d.s.w.r.o.CachingOperationNameGenerator - [startingWith,40] - Generating unique operation named: addUsingGET_33
14:21:51.075 [main] INFO  s.d.s.w.r.o.CachingOperationNameGenerator - [startingWith,40] - Generating unique operation named: checkGlueGroupCodeUniqueUsingPOST_1
14:21:51.080 [main] INFO  s.d.s.w.r.o.CachingOperationNameGenerator - [startingWith,40] - Generating unique operation named: editUsingGET_28
14:21:51.083 [main] INFO  s.d.s.w.r.o.CachingOperationNameGenerator - [startingWith,40] - Generating unique operation named: exportUsingGET_159
14:21:51.090 [main] INFO  s.d.s.w.r.o.CachingOperationNameGenerator - [startingWith,40] - Generating unique operation named: listUsingPOST_181
14:21:51.094 [main] INFO  s.d.s.w.r.o.CachingOperationNameGenerator - [startingWith,40] - Generating unique operation named: removeUsingPOST_122
14:21:51.098 [main] INFO  s.d.s.w.r.o.CachingOperationNameGenerator - [startingWith,40] - Generating unique operation named: saveGlueGroupOrderUsingPOST_5
14:21:51.107 [main] INFO  s.d.s.w.r.o.CachingOperationNameGenerator - [startingWith,40] - Generating unique operation named: addUsingGET_34
14:21:51.118 [main] INFO  s.d.s.w.r.o.CachingOperationNameGenerator - [startingWith,40] - Generating unique operation named: checkGlueCodeUniqueUsingPOST_1
14:21:51.124 [main] INFO  s.d.s.w.r.o.CachingOperationNameGenerator - [startingWith,40] - Generating unique operation named: editUsingGET_29
14:21:51.129 [main] INFO  s.d.s.w.r.o.CachingOperationNameGenerator - [startingWith,40] - Generating unique operation named: exportUsingGET_160
14:21:51.134 [main] INFO  s.d.s.w.r.o.CachingOperationNameGenerator - [startingWith,40] - Generating unique operation named: listUsingPOST_182
14:21:51.138 [main] INFO  s.d.s.w.r.o.CachingOperationNameGenerator - [startingWith,40] - Generating unique operation named: removeUsingPOST_123
14:21:51.144 [main] INFO  s.d.s.w.r.o.CachingOperationNameGenerator - [startingWith,40] - Generating unique operation named: saveGlueOrderUsingPOST_1
14:21:51.154 [main] INFO  s.d.s.w.r.o.CachingOperationNameGenerator - [startingWith,40] - Generating unique operation named: detailListUsingPOST_9
14:21:51.159 [main] INFO  s.d.s.w.r.o.CachingOperationNameGenerator - [startingWith,40] - Generating unique operation named: getImportLogManagementUsingGET_7
14:21:51.162 [main] INFO  s.d.s.w.r.o.CachingOperationNameGenerator - [startingWith,40] - Generating unique operation named: gotoErrorDetailUsingGET_7
14:21:51.172 [main] INFO  s.d.s.w.r.o.CachingOperationNameGenerator - [startingWith,40] - Generating unique operation named: listUsingPOST_183
14:21:51.193 [main] INFO  s.d.s.w.r.o.CachingOperationNameGenerator - [startingWith,40] - Generating unique operation named: editSaveUsingPOST_90
14:21:51.199 [main] INFO  s.d.s.w.r.o.CachingOperationNameGenerator - [startingWith,40] - Generating unique operation named: exportUsingGET_161
14:21:51.205 [main] INFO  s.d.s.w.r.o.CachingOperationNameGenerator - [startingWith,40] - Generating unique operation named: listUsingPOST_184
14:21:51.212 [main] INFO  s.d.s.w.r.o.CachingOperationNameGenerator - [startingWith,40] - Generating unique operation named: removeUsingPOST_124
14:21:51.216 [main] INFO  s.d.s.w.r.o.CachingOperationNameGenerator - [startingWith,40] - Generating unique operation named: removeAllUsingPOST_12
14:21:51.248 [main] INFO  s.d.s.w.r.o.CachingOperationNameGenerator - [startingWith,40] - Generating unique operation named: checkMachineCodeUniqueUsingPOST_7
14:21:51.254 [main] INFO  s.d.s.w.r.o.CachingOperationNameGenerator - [startingWith,40] - Generating unique operation named: editSaveUsingPOST_91
14:21:51.264 [main] INFO  s.d.s.w.r.o.CachingOperationNameGenerator - [startingWith,40] - Generating unique operation named: exportUsingGET_162
14:21:51.274 [main] INFO  s.d.s.w.r.o.CachingOperationNameGenerator - [startingWith,40] - Generating unique operation named: listUsingPOST_185
14:21:51.283 [main] INFO  s.d.s.w.r.o.CachingOperationNameGenerator - [startingWith,40] - Generating unique operation named: removeUsingPOST_125
14:21:51.298 [main] INFO  s.d.s.w.r.o.CachingOperationNameGenerator - [startingWith,40] - Generating unique operation named: addUsingGET_35
14:21:51.328 [main] INFO  s.d.s.w.r.o.CachingOperationNameGenerator - [startingWith,40] - Generating unique operation named: editUsingPOST_15
14:21:51.335 [main] INFO  s.d.s.w.r.o.CachingOperationNameGenerator - [startingWith,40] - Generating unique operation named: exportUsingGET_163
14:21:51.343 [main] INFO  s.d.s.w.r.o.CachingOperationNameGenerator - [startingWith,40] - Generating unique operation named: getInfoUsingGET_14
14:21:51.349 [main] INFO  s.d.s.w.r.o.CachingOperationNameGenerator - [startingWith,40] - Generating unique operation named: listUsingPOST_186
14:21:51.355 [main] INFO  s.d.s.w.r.o.CachingOperationNameGenerator - [startingWith,40] - Generating unique operation named: removeUsingPOST_126
14:21:51.359 [main] INFO  s.d.s.w.r.o.CachingOperationNameGenerator - [startingWith,40] - Generating unique operation named: removeAllUsingPOST_13
14:21:51.362 [main] INFO  s.d.s.w.r.o.CachingOperationNameGenerator - [startingWith,40] - Generating unique operation named: toIndexUsingGET_40
14:21:51.374 [main] INFO  s.d.s.w.r.o.CachingOperationNameGenerator - [startingWith,40] - Generating unique operation named: editUsingPOST_16
14:21:51.378 [main] INFO  s.d.s.w.r.o.CachingOperationNameGenerator - [startingWith,40] - Generating unique operation named: exportUsingGET_164
14:21:51.384 [main] INFO  s.d.s.w.r.o.CachingOperationNameGenerator - [startingWith,40] - Generating unique operation named: getInfoUsingGET_15
14:21:51.388 [main] INFO  s.d.s.w.r.o.CachingOperationNameGenerator - [startingWith,40] - Generating unique operation named: listUsingPOST_187
14:21:51.402 [main] INFO  s.d.s.w.r.o.CachingOperationNameGenerator - [startingWith,40] - Generating unique operation named: editSaveUsingPOST_92
14:21:51.408 [main] INFO  s.d.s.w.r.o.CachingOperationNameGenerator - [startingWith,40] - Generating unique operation named: exportUsingGET_165
14:21:51.414 [main] INFO  s.d.s.w.r.o.CachingOperationNameGenerator - [startingWith,40] - Generating unique operation named: listUsingPOST_188
14:21:51.420 [main] INFO  s.d.s.w.r.o.CachingOperationNameGenerator - [startingWith,40] - Generating unique operation named: removeUsingPOST_127
14:21:51.442 [main] INFO  s.d.s.w.r.o.CachingOperationNameGenerator - [startingWith,40] - Generating unique operation named: autoPlanUsingPOST_7
14:21:51.453 [main] INFO  s.d.s.w.r.o.CachingOperationNameGenerator - [startingWith,40] - Generating unique operation named: balanceUsingPOST_3
14:21:51.468 [main] INFO  s.d.s.w.r.o.CachingOperationNameGenerator - [startingWith,40] - Generating unique operation named: batchChangeMachineUsingPOST_4
14:21:51.481 [main] INFO  s.d.s.w.r.o.CachingOperationNameGenerator - [startingWith,40] - Generating unique operation named: changeMachineUsingPOST_7
14:21:51.494 [main] INFO  s.d.s.w.r.o.CachingOperationNameGenerator - [startingWith,40] - Generating unique operation named: changeQtyUsingPOST_6
14:21:51.509 [main] INFO  s.d.s.w.r.o.CachingOperationNameGenerator - [startingWith,40] - Generating unique operation named: changeReleaseStatusUsingPOST_8
14:21:51.521 [main] INFO  s.d.s.w.r.o.CachingOperationNameGenerator - [startingWith,40] - Generating unique operation named: chooseMachineUsingPOST_4
14:21:51.531 [main] INFO  s.d.s.w.r.o.CachingOperationNameGenerator - [startingWith,40] - Generating unique operation named: combinationMiddleAndNightUsingPOST_3
14:21:51.544 [main] INFO  s.d.s.w.r.o.CachingOperationNameGenerator - [startingWith,40] - Generating unique operation named: editSaveUsingPOST_93
14:21:51.554 [main] INFO  s.d.s.w.r.o.CachingOperationNameGenerator - [startingWith,40] - Generating unique operation named: exportUsingGET_166
14:21:51.566 [main] INFO  s.d.s.w.r.o.CachingOperationNameGenerator - [startingWith,40] - Generating unique operation named: listUsingPOST_189
14:21:51.577 [main] INFO  s.d.s.w.r.o.CachingOperationNameGenerator - [startingWith,40] - Generating unique operation named: mergeProductUsingPOST_1
14:21:51.588 [main] INFO  s.d.s.w.r.o.CachingOperationNameGenerator - [startingWith,40] - Generating unique operation named: publishUsingPOST_12
14:21:51.597 [main] INFO  s.d.s.w.r.o.CachingOperationNameGenerator - [startingWith,40] - Generating unique operation named: removeUsingPOST_128
14:21:51.618 [main] INFO  s.d.s.w.r.o.CachingOperationNameGenerator - [startingWith,40] - Generating unique operation named: editSaveUsingPOST_94
14:21:51.624 [main] INFO  s.d.s.w.r.o.CachingOperationNameGenerator - [startingWith,40] - Generating unique operation named: exportUsingGET_167
14:21:51.631 [main] INFO  s.d.s.w.r.o.CachingOperationNameGenerator - [startingWith,40] - Generating unique operation named: importDataUsingPOST_68
14:21:51.636 [main] INFO  s.d.s.w.r.o.CachingOperationNameGenerator - [startingWith,40] - Generating unique operation named: importTemplateUsingGET_41
14:21:51.640 [main] INFO  s.d.s.w.r.o.CachingOperationNameGenerator - [startingWith,40] - Generating unique operation named: listUsingPOST_190
14:21:51.648 [main] INFO  s.d.s.w.r.o.CachingOperationNameGenerator - [startingWith,40] - Generating unique operation named: removeUsingPOST_129
14:21:51.656 [main] INFO  s.d.s.w.r.o.CachingOperationNameGenerator - [startingWith,40] - Generating unique operation named: addUsingGET_36
14:21:51.664 [main] INFO  s.d.s.w.r.o.CachingOperationNameGenerator - [startingWith,40] - Generating unique operation named: editUsingGET_30
14:21:51.677 [main] INFO  s.d.s.w.r.o.CachingOperationNameGenerator - [startingWith,40] - Generating unique operation named: exportUsingGET_168
14:21:51.682 [main] INFO  s.d.s.w.r.o.CachingOperationNameGenerator - [startingWith,40] - Generating unique operation named: listUsingPOST_191
14:21:51.685 [main] INFO  s.d.s.w.r.o.CachingOperationNameGenerator - [startingWith,40] - Generating unique operation named: removeUsingPOST_130
14:21:51.689 [main] INFO  s.d.s.w.r.o.CachingOperationNameGenerator - [startingWith,40] - Generating unique operation named: removeAllUsingPOST_14
14:21:51.697 [main] INFO  s.d.s.w.r.o.CachingOperationNameGenerator - [startingWith,40] - Generating unique operation named: saveSpecifyMachineUsingPOST_4
14:21:51.715 [main] INFO  s.d.s.w.r.o.CachingOperationNameGenerator - [startingWith,40] - Generating unique operation named: addSaveUsingPOST_6
14:21:51.721 [main] INFO  s.d.s.w.r.o.CachingOperationNameGenerator - [startingWith,40] - Generating unique operation named: editSaveUsingPOST_95
14:21:51.729 [main] INFO  s.d.s.w.r.o.CachingOperationNameGenerator - [startingWith,40] - Generating unique operation named: exportUsingGET_169
14:21:51.735 [main] INFO  s.d.s.w.r.o.CachingOperationNameGenerator - [startingWith,40] - Generating unique operation named: listUsingPOST_192
14:21:51.742 [main] INFO  s.d.s.w.r.o.CachingOperationNameGenerator - [startingWith,40] - Generating unique operation named: removeUsingPOST_131
14:21:51.766 [main] INFO  s.d.s.w.r.o.CachingOperationNameGenerator - [startingWith,40] - Generating unique operation named: saveUsingPOST_4
14:21:51.791 [main] INFO  s.d.s.w.r.o.CachingOperationNameGenerator - [startingWith,40] - Generating unique operation named: exportUsingGET_170
14:21:51.796 [main] INFO  s.d.s.w.r.o.CachingOperationNameGenerator - [startingWith,40] - Generating unique operation named: listUsingPOST_193
14:21:51.801 [main] INFO  s.d.s.w.r.o.CachingOperationNameGenerator - [startingWith,40] - Generating unique operation named: addUsingGET_37
14:21:51.812 [main] INFO  s.d.s.w.r.o.CachingOperationNameGenerator - [startingWith,40] - Generating unique operation named: checkAssistSpecCodeUniqueUsingPOST_5
14:21:51.817 [main] INFO  s.d.s.w.r.o.CachingOperationNameGenerator - [startingWith,40] - Generating unique operation named: editUsingGET_31
14:21:51.821 [main] INFO  s.d.s.w.r.o.CachingOperationNameGenerator - [startingWith,40] - Generating unique operation named: exportUsingGET_171
14:21:51.826 [main] INFO  s.d.s.w.r.o.CachingOperationNameGenerator - [startingWith,40] - Generating unique operation named: listUsingPOST_194
14:21:51.834 [main] INFO  s.d.s.w.r.o.CachingOperationNameGenerator - [startingWith,40] - Generating unique operation named: removeUsingPOST_132
14:21:51.840 [main] INFO  s.d.s.w.r.o.CachingOperationNameGenerator - [startingWith,40] - Generating unique operation named: saveAssistSpecUsingPOST_5
14:21:51.846 [main] INFO  s.d.s.w.r.o.CachingOperationNameGenerator - [startingWith,40] - Generating unique operation named: addUsingGET_38
14:21:51.860 [main] INFO  s.d.s.w.r.o.CachingOperationNameGenerator - [startingWith,40] - Generating unique operation named: checkCurlRollCodeUniqueUsingPOST_2
14:21:51.867 [main] INFO  s.d.s.w.r.o.CachingOperationNameGenerator - [startingWith,40] - Generating unique operation named: editUsingGET_32
14:21:51.872 [main] INFO  s.d.s.w.r.o.CachingOperationNameGenerator - [startingWith,40] - Generating unique operation named: exportUsingGET_172
14:21:51.879 [main] INFO  s.d.s.w.r.o.CachingOperationNameGenerator - [startingWith,40] - Generating unique operation named: listUsingPOST_195
14:21:51.968 [main] INFO  s.d.s.w.r.o.CachingOperationNameGenerator - [startingWith,40] - Generating unique operation named: removeUsingPOST_133
14:21:51.975 [main] INFO  s.d.s.w.r.o.CachingOperationNameGenerator - [startingWith,40] - Generating unique operation named: saveCurlRollUsingPOST_2
14:21:51.991 [main] INFO  s.d.s.w.r.o.CachingOperationNameGenerator - [startingWith,40] - Generating unique operation named: exportUsingGET_173
14:21:51.996 [main] INFO  s.d.s.w.r.o.CachingOperationNameGenerator - [startingWith,40] - Generating unique operation named: listUsingPOST_196
14:21:52.001 [main] INFO  s.d.s.w.r.o.CachingOperationNameGenerator - [startingWith,40] - Generating unique operation named: getExportLogManagementUsingGET_8
14:21:52.014 [main] INFO  s.d.s.w.r.o.CachingOperationNameGenerator - [startingWith,40] - Generating unique operation named: listUsingPOST_197
14:21:52.021 [main] INFO  s.d.s.w.r.o.CachingOperationNameGenerator - [startingWith,40] - Generating unique operation named: addUsingGET_39
14:21:52.036 [main] INFO  s.d.s.w.r.o.CachingOperationNameGenerator - [startingWith,40] - Generating unique operation named: checkGlueGroupCodeUniqueUsingPOST_2
14:21:52.043 [main] INFO  s.d.s.w.r.o.CachingOperationNameGenerator - [startingWith,40] - Generating unique operation named: editUsingGET_33
14:21:52.049 [main] INFO  s.d.s.w.r.o.CachingOperationNameGenerator - [startingWith,40] - Generating unique operation named: exportUsingGET_174
14:21:52.054 [main] INFO  s.d.s.w.r.o.CachingOperationNameGenerator - [startingWith,40] - Generating unique operation named: listUsingPOST_198
14:21:52.058 [main] INFO  s.d.s.w.r.o.CachingOperationNameGenerator - [startingWith,40] - Generating unique operation named: removeUsingPOST_134
14:21:52.061 [main] INFO  s.d.s.w.r.o.CachingOperationNameGenerator - [startingWith,40] - Generating unique operation named: saveGlueGroupOrderUsingPOST_6
14:21:52.067 [main] INFO  s.d.s.w.r.o.CachingOperationNameGenerator - [startingWith,40] - Generating unique operation named: addUsingGET_40
14:21:52.082 [main] INFO  s.d.s.w.r.o.CachingOperationNameGenerator - [startingWith,40] - Generating unique operation named: checkGlueCodeUniqueUsingPOST_2
14:21:52.086 [main] INFO  s.d.s.w.r.o.CachingOperationNameGenerator - [startingWith,40] - Generating unique operation named: editUsingGET_34
14:21:52.092 [main] INFO  s.d.s.w.r.o.CachingOperationNameGenerator - [startingWith,40] - Generating unique operation named: exportUsingGET_175
14:21:52.099 [main] INFO  s.d.s.w.r.o.CachingOperationNameGenerator - [startingWith,40] - Generating unique operation named: listUsingPOST_199
14:21:52.105 [main] INFO  s.d.s.w.r.o.CachingOperationNameGenerator - [startingWith,40] - Generating unique operation named: removeUsingPOST_135
14:21:52.118 [main] INFO  s.d.s.w.r.o.CachingOperationNameGenerator - [startingWith,40] - Generating unique operation named: saveGlueOrderUsingPOST_2
14:21:52.136 [main] INFO  s.d.s.w.r.o.CachingOperationNameGenerator - [startingWith,40] - Generating unique operation named: detailListUsingPOST_10
14:21:52.143 [main] INFO  s.d.s.w.r.o.CachingOperationNameGenerator - [startingWith,40] - Generating unique operation named: getImportLogManagementUsingGET_8
14:21:52.150 [main] INFO  s.d.s.w.r.o.CachingOperationNameGenerator - [startingWith,40] - Generating unique operation named: gotoErrorDetailUsingGET_8
14:21:52.165 [main] INFO  s.d.s.w.r.o.CachingOperationNameGenerator - [startingWith,40] - Generating unique operation named: listUsingPOST_200
14:21:52.183 [main] INFO  s.d.s.w.r.o.CachingOperationNameGenerator - [startingWith,40] - Generating unique operation named: editSaveUsingPOST_96
14:21:52.188 [main] INFO  s.d.s.w.r.o.CachingOperationNameGenerator - [startingWith,40] - Generating unique operation named: exportUsingGET_176
14:21:52.195 [main] INFO  s.d.s.w.r.o.CachingOperationNameGenerator - [startingWith,40] - Generating unique operation named: listUsingPOST_201
14:21:52.201 [main] INFO  s.d.s.w.r.o.CachingOperationNameGenerator - [startingWith,40] - Generating unique operation named: removeUsingPOST_136
14:21:52.206 [main] INFO  s.d.s.w.r.o.CachingOperationNameGenerator - [startingWith,40] - Generating unique operation named: removeAllUsingPOST_15
14:21:52.217 [main] INFO  s.d.s.w.r.o.CachingOperationNameGenerator - [startingWith,40] - Generating unique operation named: checkMachineCodeUniqueUsingPOST_8
14:21:52.222 [main] INFO  s.d.s.w.r.o.CachingOperationNameGenerator - [startingWith,40] - Generating unique operation named: editSaveUsingPOST_97
14:21:52.227 [main] INFO  s.d.s.w.r.o.CachingOperationNameGenerator - [startingWith,40] - Generating unique operation named: exportUsingGET_177
14:21:52.231 [main] INFO  s.d.s.w.r.o.CachingOperationNameGenerator - [startingWith,40] - Generating unique operation named: listUsingPOST_202
14:21:52.236 [main] INFO  s.d.s.w.r.o.CachingOperationNameGenerator - [startingWith,40] - Generating unique operation named: removeUsingPOST_137
14:21:52.243 [main] INFO  s.d.s.w.r.o.CachingOperationNameGenerator - [startingWith,40] - Generating unique operation named: addUsingGET_41
14:21:52.257 [main] INFO  s.d.s.w.r.o.CachingOperationNameGenerator - [startingWith,40] - Generating unique operation named: editUsingPOST_17
14:21:52.264 [main] INFO  s.d.s.w.r.o.CachingOperationNameGenerator - [startingWith,40] - Generating unique operation named: exportUsingGET_178
14:21:52.269 [main] INFO  s.d.s.w.r.o.CachingOperationNameGenerator - [startingWith,40] - Generating unique operation named: getInfoUsingGET_16
14:21:52.272 [main] INFO  s.d.s.w.r.o.CachingOperationNameGenerator - [startingWith,40] - Generating unique operation named: listUsingPOST_203
14:21:52.278 [main] INFO  s.d.s.w.r.o.CachingOperationNameGenerator - [startingWith,40] - Generating unique operation named: removeUsingPOST_138
14:21:52.282 [main] INFO  s.d.s.w.r.o.CachingOperationNameGenerator - [startingWith,40] - Generating unique operation named: removeAllUsingPOST_16
14:21:52.287 [main] INFO  s.d.s.w.r.o.CachingOperationNameGenerator - [startingWith,40] - Generating unique operation named: toIndexUsingGET_41
14:21:52.307 [main] INFO  s.d.s.w.r.o.CachingOperationNameGenerator - [startingWith,40] - Generating unique operation named: editUsingPOST_18
14:21:52.314 [main] INFO  s.d.s.w.r.o.CachingOperationNameGenerator - [startingWith,40] - Generating unique operation named: exportUsingGET_179
14:21:52.318 [main] INFO  s.d.s.w.r.o.CachingOperationNameGenerator - [startingWith,40] - Generating unique operation named: getInfoUsingGET_17
14:21:52.322 [main] INFO  s.d.s.w.r.o.CachingOperationNameGenerator - [startingWith,40] - Generating unique operation named: listUsingPOST_204
14:21:52.339 [main] INFO  s.d.s.w.r.o.CachingOperationNameGenerator - [startingWith,40] - Generating unique operation named: editSaveUsingPOST_98
14:21:52.346 [main] INFO  s.d.s.w.r.o.CachingOperationNameGenerator - [startingWith,40] - Generating unique operation named: exportUsingGET_180
14:21:52.350 [main] INFO  s.d.s.w.r.o.CachingOperationNameGenerator - [startingWith,40] - Generating unique operation named: listUsingPOST_205
14:21:52.353 [main] INFO  s.d.s.w.r.o.CachingOperationNameGenerator - [startingWith,40] - Generating unique operation named: removeUsingPOST_139
14:21:52.369 [main] INFO  s.d.s.w.r.o.CachingOperationNameGenerator - [startingWith,40] - Generating unique operation named: autoPlanUsingPOST_8
14:21:52.378 [main] INFO  s.d.s.w.r.o.CachingOperationNameGenerator - [startingWith,40] - Generating unique operation named: balanceUsingPOST_4
14:21:52.386 [main] INFO  s.d.s.w.r.o.CachingOperationNameGenerator - [startingWith,40] - Generating unique operation named: batchChangeMachineUsingPOST_5
14:21:52.395 [main] INFO  s.d.s.w.r.o.CachingOperationNameGenerator - [startingWith,40] - Generating unique operation named: changeMachineUsingPOST_8
14:21:52.402 [main] INFO  s.d.s.w.r.o.CachingOperationNameGenerator - [startingWith,40] - Generating unique operation named: changeQtyUsingPOST_7
14:21:52.410 [main] INFO  s.d.s.w.r.o.CachingOperationNameGenerator - [startingWith,40] - Generating unique operation named: changeReleaseStatusUsingPOST_9
14:21:52.416 [main] INFO  s.d.s.w.r.o.CachingOperationNameGenerator - [startingWith,40] - Generating unique operation named: chooseMachineUsingPOST_5
14:21:52.422 [main] INFO  s.d.s.w.r.o.CachingOperationNameGenerator - [startingWith,40] - Generating unique operation named: combinationMiddleAndNightUsingPOST_4
14:21:52.434 [main] INFO  s.d.s.w.r.o.CachingOperationNameGenerator - [startingWith,40] - Generating unique operation named: editSaveUsingPOST_99
14:21:52.476 [main] INFO  s.d.s.w.r.o.CachingOperationNameGenerator - [startingWith,40] - Generating unique operation named: exportUsingGET_181
14:21:52.483 [main] INFO  s.d.s.w.r.o.CachingOperationNameGenerator - [startingWith,40] - Generating unique operation named: listUsingPOST_206
14:21:52.489 [main] INFO  s.d.s.w.r.o.CachingOperationNameGenerator - [startingWith,40] - Generating unique operation named: mergeProductUsingPOST_2
14:21:52.495 [main] INFO  s.d.s.w.r.o.CachingOperationNameGenerator - [startingWith,40] - Generating unique operation named: publishUsingPOST_13
14:21:52.500 [main] INFO  s.d.s.w.r.o.CachingOperationNameGenerator - [startingWith,40] - Generating unique operation named: removeUsingPOST_140
14:21:52.505 [main] INFO  s.d.s.w.r.o.CachingOperationNameGenerator - [startingWith,40] - Generating unique operation named: addUsingGET_42
14:21:52.508 [main] INFO  s.d.s.w.r.o.CachingOperationNameGenerator - [startingWith,40] - Generating unique operation named: editUsingGET_35
14:21:52.517 [main] INFO  s.d.s.w.r.o.CachingOperationNameGenerator - [startingWith,40] - Generating unique operation named: exportUsingGET_182
14:21:52.523 [main] INFO  s.d.s.w.r.o.CachingOperationNameGenerator - [startingWith,40] - Generating unique operation named: listUsingPOST_207
14:21:52.528 [main] INFO  s.d.s.w.r.o.CachingOperationNameGenerator - [startingWith,40] - Generating unique operation named: removeUsingPOST_141
14:21:52.532 [main] INFO  s.d.s.w.r.o.CachingOperationNameGenerator - [startingWith,40] - Generating unique operation named: removeAllUsingPOST_17
14:21:52.545 [main] INFO  s.d.s.w.r.o.CachingOperationNameGenerator - [startingWith,40] - Generating unique operation named: saveSpecifyMachineUsingPOST_5
14:21:52.562 [main] INFO  s.d.s.w.r.o.CachingOperationNameGenerator - [startingWith,40] - Generating unique operation named: addSaveUsingPOST_7
14:21:52.568 [main] INFO  s.d.s.w.r.o.CachingOperationNameGenerator - [startingWith,40] - Generating unique operation named: editSaveUsingPOST_100
14:21:52.574 [main] INFO  s.d.s.w.r.o.CachingOperationNameGenerator - [startingWith,40] - Generating unique operation named: exportUsingGET_183
14:21:52.580 [main] INFO  s.d.s.w.r.o.CachingOperationNameGenerator - [startingWith,40] - Generating unique operation named: listUsingPOST_208
14:21:52.585 [main] INFO  s.d.s.w.r.o.CachingOperationNameGenerator - [startingWith,40] - Generating unique operation named: removeUsingPOST_142
14:21:52.602 [main] INFO  s.d.s.w.r.o.CachingOperationNameGenerator - [startingWith,40] - Generating unique operation named: exportUsingGET_184
14:21:52.608 [main] INFO  s.d.s.w.r.o.CachingOperationNameGenerator - [startingWith,40] - Generating unique operation named: listUsingPOST_209
14:21:52.615 [main] INFO  s.d.s.w.r.o.CachingOperationNameGenerator - [startingWith,40] - Generating unique operation named: addUsingGET_43
14:21:52.629 [main] INFO  s.d.s.w.r.o.CachingOperationNameGenerator - [startingWith,40] - Generating unique operation named: checkAssistSpecCodeUniqueUsingPOST_6
14:21:52.634 [main] INFO  s.d.s.w.r.o.CachingOperationNameGenerator - [startingWith,40] - Generating unique operation named: editUsingGET_36
14:21:52.638 [main] INFO  s.d.s.w.r.o.CachingOperationNameGenerator - [startingWith,40] - Generating unique operation named: exportUsingGET_185
14:21:52.642 [main] INFO  s.d.s.w.r.o.CachingOperationNameGenerator - [startingWith,40] - Generating unique operation named: listUsingPOST_210
14:21:52.648 [main] INFO  s.d.s.w.r.o.CachingOperationNameGenerator - [startingWith,40] - Generating unique operation named: removeUsingPOST_143
14:21:52.652 [main] INFO  s.d.s.w.r.o.CachingOperationNameGenerator - [startingWith,40] - Generating unique operation named: saveAssistSpecUsingPOST_6
14:21:52.664 [main] INFO  s.d.s.w.r.o.CachingOperationNameGenerator - [startingWith,40] - Generating unique operation named: exportUsingGET_186
14:21:52.668 [main] INFO  s.d.s.w.r.o.CachingOperationNameGenerator - [startingWith,40] - Generating unique operation named: listUsingPOST_211
14:21:52.672 [main] INFO  s.d.s.w.r.o.CachingOperationNameGenerator - [startingWith,40] - Generating unique operation named: getExportLogManagementUsingGET_9
14:21:52.686 [main] INFO  s.d.s.w.r.o.CachingOperationNameGenerator - [startingWith,40] - Generating unique operation named: listUsingPOST_212
14:21:52.697 [main] INFO  s.d.s.w.r.o.CachingOperationNameGenerator - [startingWith,40] - Generating unique operation named: detailListUsingPOST_11
14:21:52.701 [main] INFO  s.d.s.w.r.o.CachingOperationNameGenerator - [startingWith,40] - Generating unique operation named: getImportLogManagementUsingGET_9
14:21:52.706 [main] INFO  s.d.s.w.r.o.CachingOperationNameGenerator - [startingWith,40] - Generating unique operation named: gotoErrorDetailUsingGET_9
14:21:52.715 [main] INFO  s.d.s.w.r.o.CachingOperationNameGenerator - [startingWith,40] - Generating unique operation named: listUsingPOST_213
14:21:52.731 [main] INFO  s.d.s.w.r.o.CachingOperationNameGenerator - [startingWith,40] - Generating unique operation named: editSaveUsingPOST_101
14:21:52.734 [main] INFO  s.d.s.w.r.o.CachingOperationNameGenerator - [startingWith,40] - Generating unique operation named: exportUsingGET_187
14:21:52.738 [main] INFO  s.d.s.w.r.o.CachingOperationNameGenerator - [startingWith,40] - Generating unique operation named: importDataUsingPOST_69
14:21:52.743 [main] INFO  s.d.s.w.r.o.CachingOperationNameGenerator - [startingWith,40] - Generating unique operation named: importTemplateUsingGET_42
14:21:52.747 [main] INFO  s.d.s.w.r.o.CachingOperationNameGenerator - [startingWith,40] - Generating unique operation named: listUsingPOST_214
14:21:52.752 [main] INFO  s.d.s.w.r.o.CachingOperationNameGenerator - [startingWith,40] - Generating unique operation named: removeUsingPOST_144
14:21:52.754 [main] INFO  s.d.s.w.r.o.CachingOperationNameGenerator - [startingWith,40] - Generating unique operation named: removeAllUsingPOST_18
14:21:52.765 [main] INFO  s.d.s.w.r.o.CachingOperationNameGenerator - [startingWith,40] - Generating unique operation named: checkMachineCodeUniqueUsingPOST_9
14:21:52.771 [main] INFO  s.d.s.w.r.o.CachingOperationNameGenerator - [startingWith,40] - Generating unique operation named: editSaveUsingPOST_102
14:21:52.775 [main] INFO  s.d.s.w.r.o.CachingOperationNameGenerator - [startingWith,40] - Generating unique operation named: exportUsingGET_188
14:21:52.780 [main] INFO  s.d.s.w.r.o.CachingOperationNameGenerator - [startingWith,40] - Generating unique operation named: listUsingPOST_215
14:21:52.786 [main] INFO  s.d.s.w.r.o.CachingOperationNameGenerator - [startingWith,40] - Generating unique operation named: removeUsingPOST_145
14:21:52.796 [main] INFO  s.d.s.w.r.o.CachingOperationNameGenerator - [startingWith,40] - Generating unique operation named: addUsingGET_44
14:21:52.805 [main] INFO  s.d.s.w.r.o.CachingOperationNameGenerator - [startingWith,40] - Generating unique operation named: editUsingPOST_19
14:21:52.815 [main] INFO  s.d.s.w.r.o.CachingOperationNameGenerator - [startingWith,40] - Generating unique operation named: exportUsingGET_189
14:21:52.821 [main] INFO  s.d.s.w.r.o.CachingOperationNameGenerator - [startingWith,40] - Generating unique operation named: getInfoUsingGET_18
14:21:52.829 [main] INFO  s.d.s.w.r.o.CachingOperationNameGenerator - [startingWith,40] - Generating unique operation named: importDataUsingPOST_70
14:21:52.833 [main] INFO  s.d.s.w.r.o.CachingOperationNameGenerator - [startingWith,40] - Generating unique operation named: importTemplateUsingGET_43
14:21:52.837 [main] INFO  s.d.s.w.r.o.CachingOperationNameGenerator - [startingWith,40] - Generating unique operation named: listUsingPOST_216
14:21:52.842 [main] INFO  s.d.s.w.r.o.CachingOperationNameGenerator - [startingWith,40] - Generating unique operation named: removeUsingPOST_146
14:21:52.846 [main] INFO  s.d.s.w.r.o.CachingOperationNameGenerator - [startingWith,40] - Generating unique operation named: removeAllUsingPOST_19
14:21:52.850 [main] INFO  s.d.s.w.r.o.CachingOperationNameGenerator - [startingWith,40] - Generating unique operation named: toIndexUsingGET_42
14:21:52.866 [main] INFO  s.d.s.w.r.o.CachingOperationNameGenerator - [startingWith,40] - Generating unique operation named: editUsingPOST_20
14:21:52.872 [main] INFO  s.d.s.w.r.o.CachingOperationNameGenerator - [startingWith,40] - Generating unique operation named: exportUsingGET_190
14:21:52.880 [main] INFO  s.d.s.w.r.o.CachingOperationNameGenerator - [startingWith,40] - Generating unique operation named: getInfoUsingGET_19
14:21:52.886 [main] INFO  s.d.s.w.r.o.CachingOperationNameGenerator - [startingWith,40] - Generating unique operation named: listUsingPOST_217
14:21:52.902 [main] INFO  s.d.s.w.r.o.CachingOperationNameGenerator - [startingWith,40] - Generating unique operation named: editSaveUsingPOST_103
14:21:52.910 [main] INFO  s.d.s.w.r.o.CachingOperationNameGenerator - [startingWith,40] - Generating unique operation named: exportUsingGET_191
14:21:52.917 [main] INFO  s.d.s.w.r.o.CachingOperationNameGenerator - [startingWith,40] - Generating unique operation named: listUsingPOST_218
14:21:52.924 [main] INFO  s.d.s.w.r.o.CachingOperationNameGenerator - [startingWith,40] - Generating unique operation named: removeUsingPOST_147
14:21:52.936 [main] INFO  s.d.s.w.r.o.CachingOperationNameGenerator - [startingWith,40] - Generating unique operation named: addUsingGET_45
14:21:52.960 [main] INFO  s.d.s.w.r.o.CachingOperationNameGenerator - [startingWith,40] - Generating unique operation named: autoPlanUsingPOST_9
14:21:52.978 [main] INFO  s.d.s.w.r.o.CachingOperationNameGenerator - [startingWith,40] - Generating unique operation named: batchChangeMachineUsingPOST_6
14:21:52.996 [main] INFO  s.d.s.w.r.o.CachingOperationNameGenerator - [startingWith,40] - Generating unique operation named: changeMachineUsingGET_4
14:21:53.012 [main] INFO  s.d.s.w.r.o.CachingOperationNameGenerator - [startingWith,40] - Generating unique operation named: changeMachineUsingPOST_9
14:21:53.026 [main] INFO  s.d.s.w.r.o.CachingOperationNameGenerator - [startingWith,40] - Generating unique operation named: changeQtyUsingGET_3
14:21:53.060 [main] INFO  s.d.s.w.r.o.CachingOperationNameGenerator - [startingWith,40] - Generating unique operation named: changeQtyUsingPOST_8
14:21:53.073 [main] INFO  s.d.s.w.r.o.CachingOperationNameGenerator - [startingWith,40] - Generating unique operation named: changeReleaseStatusUsingPOST_10
14:21:53.090 [main] INFO  s.d.s.w.r.o.CachingOperationNameGenerator - [startingWith,40] - Generating unique operation named: checkUniqueUsingPOST_4
14:21:53.105 [main] INFO  s.d.s.w.r.o.CachingOperationNameGenerator - [startingWith,40] - Generating unique operation named: chooseMachineUsingPOST_6
14:21:53.118 [main] INFO  s.d.s.w.r.o.CachingOperationNameGenerator - [startingWith,40] - Generating unique operation named: editUsingGET_37
14:21:53.131 [main] INFO  s.d.s.w.r.o.CachingOperationNameGenerator - [startingWith,40] - Generating unique operation named: editSaveUsingPOST_104
14:21:53.145 [main] INFO  s.d.s.w.r.o.CachingOperationNameGenerator - [startingWith,40] - Generating unique operation named: exportUsingGET_192
14:21:53.157 [main] INFO  s.d.s.w.r.o.CachingOperationNameGenerator - [startingWith,40] - Generating unique operation named: importDataUsingPOST_71
14:21:53.168 [main] INFO  s.d.s.w.r.o.CachingOperationNameGenerator - [startingWith,40] - Generating unique operation named: importData2UsingPOST_3
14:21:53.179 [main] INFO  s.d.s.w.r.o.CachingOperationNameGenerator - [startingWith,40] - Generating unique operation named: importTemplateUsingGET_44
14:21:53.193 [main] INFO  s.d.s.w.r.o.CachingOperationNameGenerator - [startingWith,40] - Generating unique operation named: listUsingPOST_219
14:21:53.207 [main] INFO  s.d.s.w.r.o.CachingOperationNameGenerator - [startingWith,40] - Generating unique operation named: publishUsingPOST_14
14:21:53.218 [main] INFO  s.d.s.w.r.o.CachingOperationNameGenerator - [startingWith,40] - Generating unique operation named: removeUsingPOST_148
14:21:53.231 [main] INFO  s.d.s.w.r.o.CachingOperationNameGenerator - [startingWith,40] - Generating unique operation named: toAutoPlanUsingGET_3
14:21:53.244 [main] INFO  s.d.s.w.r.o.CachingOperationNameGenerator - [startingWith,40] - Generating unique operation named: toIndexUsingGET_43
14:21:53.256 [main] INFO  s.d.s.w.r.o.CachingOperationNameGenerator - [startingWith,40] - Generating unique operation named: validateAddUsingPOST_1
14:21:53.266 [main] INFO  s.d.s.w.r.o.CachingOperationNameGenerator - [startingWith,40] - Generating unique operation named: validateAutoPlanUsingPOST_3
14:21:53.272 [main] INFO  s.d.s.w.r.o.CachingOperationNameGenerator - [startingWith,40] - Generating unique operation named: addUsingGET_46
14:21:53.280 [main] INFO  s.d.s.w.r.o.CachingOperationNameGenerator - [startingWith,40] - Generating unique operation named: editUsingGET_38
14:21:53.300 [main] INFO  s.d.s.w.r.o.CachingOperationNameGenerator - [startingWith,40] - Generating unique operation named: exportUsingGET_193
14:21:53.307 [main] INFO  s.d.s.w.r.o.CachingOperationNameGenerator - [startingWith,40] - Generating unique operation named: importDataUsingPOST_72
14:21:53.314 [main] INFO  s.d.s.w.r.o.CachingOperationNameGenerator - [startingWith,40] - Generating unique operation named: importTemplateUsingGET_45
14:21:53.321 [main] INFO  s.d.s.w.r.o.CachingOperationNameGenerator - [startingWith,40] - Generating unique operation named: listUsingPOST_220
14:21:53.331 [main] INFO  s.d.s.w.r.o.CachingOperationNameGenerator - [startingWith,40] - Generating unique operation named: removeUsingPOST_149
14:21:53.336 [main] INFO  s.d.s.w.r.o.CachingOperationNameGenerator - [startingWith,40] - Generating unique operation named: removeAllUsingPOST_20
14:21:53.343 [main] INFO  s.d.s.w.r.o.CachingOperationNameGenerator - [startingWith,40] - Generating unique operation named: saveSpecifyMachineUsingPOST_6
14:21:53.359 [main] INFO  s.d.s.w.r.o.CachingOperationNameGenerator - [startingWith,40] - Generating unique operation named: addSaveUsingPOST_8
14:21:53.378 [main] INFO  s.d.s.w.r.o.CachingOperationNameGenerator - [startingWith,40] - Generating unique operation named: editSaveUsingPOST_105
14:21:53.387 [main] INFO  s.d.s.w.r.o.CachingOperationNameGenerator - [startingWith,40] - Generating unique operation named: exportUsingGET_194
14:21:53.403 [main] INFO  s.d.s.w.r.o.CachingOperationNameGenerator - [startingWith,40] - Generating unique operation named: listUsingPOST_221
14:21:53.413 [main] INFO  s.d.s.w.r.o.CachingOperationNameGenerator - [startingWith,40] - Generating unique operation named: removeUsingPOST_150
14:21:53.464 [main] INFO  s.d.s.w.r.o.CachingOperationNameGenerator - [startingWith,40] - Generating unique operation named: editSaveUsingPOST_106
14:21:53.476 [main] INFO  s.d.s.w.r.o.CachingOperationNameGenerator - [startingWith,40] - Generating unique operation named: exportUsingGET_195
14:21:53.487 [main] INFO  s.d.s.w.r.o.CachingOperationNameGenerator - [startingWith,40] - Generating unique operation named: importDataUsingPOST_73
14:21:53.499 [main] INFO  s.d.s.w.r.o.CachingOperationNameGenerator - [startingWith,40] - Generating unique operation named: importTemplateUsingGET_46
14:21:53.509 [main] INFO  s.d.s.w.r.o.CachingOperationNameGenerator - [startingWith,40] - Generating unique operation named: listUsingPOST_222
14:21:53.520 [main] INFO  s.d.s.w.r.o.CachingOperationNameGenerator - [startingWith,40] - Generating unique operation named: removeUsingPOST_151
14:21:53.533 [main] INFO  s.d.s.w.r.o.CachingOperationNameGenerator - [startingWith,40] - Generating unique operation named: addUsingGET_47
14:21:53.556 [main] INFO  s.d.s.w.r.o.CachingOperationNameGenerator - [startingWith,40] - Generating unique operation named: checkAssistSpecCodeUniqueUsingPOST_7
14:21:53.568 [main] INFO  s.d.s.w.r.o.CachingOperationNameGenerator - [startingWith,40] - Generating unique operation named: editUsingGET_39
14:21:53.586 [main] INFO  s.d.s.w.r.o.CachingOperationNameGenerator - [startingWith,40] - Generating unique operation named: exportUsingGET_196
14:21:53.595 [main] INFO  s.d.s.w.r.o.CachingOperationNameGenerator - [startingWith,40] - Generating unique operation named: listUsingPOST_223
14:21:53.604 [main] INFO  s.d.s.w.r.o.CachingOperationNameGenerator - [startingWith,40] - Generating unique operation named: removeUsingPOST_152
14:21:53.614 [main] INFO  s.d.s.w.r.o.CachingOperationNameGenerator - [startingWith,40] - Generating unique operation named: saveAssistSpecUsingPOST_7
14:21:53.625 [main] INFO  s.d.s.w.r.o.CachingOperationNameGenerator - [startingWith,40] - Generating unique operation named: addUsingGET_48
14:21:53.643 [main] INFO  s.d.s.w.r.o.CachingOperationNameGenerator - [startingWith,40] - Generating unique operation named: checkRollCodeUniqueUsingPOST_4
14:21:53.652 [main] INFO  s.d.s.w.r.o.CachingOperationNameGenerator - [startingWith,40] - Generating unique operation named: editUsingGET_40
14:21:53.660 [main] INFO  s.d.s.w.r.o.CachingOperationNameGenerator - [startingWith,40] - Generating unique operation named: exportUsingGET_197
14:21:53.667 [main] INFO  s.d.s.w.r.o.CachingOperationNameGenerator - [startingWith,40] - Generating unique operation named: importDataUsingPOST_74
14:21:53.677 [main] INFO  s.d.s.w.r.o.CachingOperationNameGenerator - [startingWith,40] - Generating unique operation named: importTemplateUsingGET_47
14:21:53.685 [main] INFO  s.d.s.w.r.o.CachingOperationNameGenerator - [startingWith,40] - Generating unique operation named: listUsingPOST_224
14:21:53.690 [main] INFO  s.d.s.w.r.o.CachingOperationNameGenerator - [startingWith,40] - Generating unique operation named: removeUsingPOST_153
14:21:53.695 [main] INFO  s.d.s.w.r.o.CachingOperationNameGenerator - [startingWith,40] - Generating unique operation named: saveGlueGroupOrderUsingPOST_7
14:21:53.717 [main] INFO  s.d.s.w.r.o.CachingOperationNameGenerator - [startingWith,40] - Generating unique operation named: editSaveUsingPOST_107
14:21:53.723 [main] INFO  s.d.s.w.r.o.CachingOperationNameGenerator - [startingWith,40] - Generating unique operation named: exportUsingGET_198
14:21:53.729 [main] INFO  s.d.s.w.r.o.CachingOperationNameGenerator - [startingWith,40] - Generating unique operation named: importDataUsingPOST_75
14:21:53.736 [main] INFO  s.d.s.w.r.o.CachingOperationNameGenerator - [startingWith,40] - Generating unique operation named: importTemplateUsingGET_48
14:21:53.743 [main] INFO  s.d.s.w.r.o.CachingOperationNameGenerator - [startingWith,40] - Generating unique operation named: listUsingPOST_225
14:21:53.750 [main] INFO  s.d.s.w.r.o.CachingOperationNameGenerator - [startingWith,40] - Generating unique operation named: removeUsingPOST_154
14:21:53.782 [main] INFO  s.d.s.w.r.o.CachingOperationNameGenerator - [startingWith,40] - Generating unique operation named: editSaveUsingPOST_108
14:21:53.787 [main] INFO  s.d.s.w.r.o.CachingOperationNameGenerator - [startingWith,40] - Generating unique operation named: exportUsingGET_199
14:21:53.794 [main] INFO  s.d.s.w.r.o.CachingOperationNameGenerator - [startingWith,40] - Generating unique operation named: importDataUsingPOST_76
14:21:53.802 [main] INFO  s.d.s.w.r.o.CachingOperationNameGenerator - [startingWith,40] - Generating unique operation named: importTemplateUsingGET_49
14:21:53.811 [main] INFO  s.d.s.w.r.o.CachingOperationNameGenerator - [startingWith,40] - Generating unique operation named: listUsingPOST_226
14:21:53.817 [main] INFO  s.d.s.w.r.o.CachingOperationNameGenerator - [startingWith,40] - Generating unique operation named: removeUsingPOST_155
14:21:53.838 [main] INFO  s.d.s.w.r.o.CachingOperationNameGenerator - [startingWith,40] - Generating unique operation named: checkXwyyBigRollRemindUniqueUsingPOST_1
14:21:53.863 [main] INFO  s.d.s.w.r.o.CachingOperationNameGenerator - [startingWith,40] - Generating unique operation named: editSaveUsingPOST_109
14:21:53.869 [main] INFO  s.d.s.w.r.o.CachingOperationNameGenerator - [startingWith,40] - Generating unique operation named: exportUsingGET_200
14:21:53.878 [main] INFO  s.d.s.w.r.o.CachingOperationNameGenerator - [startingWith,40] - Generating unique operation named: importDataUsingPOST_77
14:21:53.885 [main] INFO  s.d.s.w.r.o.CachingOperationNameGenerator - [startingWith,40] - Generating unique operation named: importTemplateUsingGET_50
14:21:53.908 [main] INFO  s.d.s.w.r.o.CachingOperationNameGenerator - [startingWith,40] - Generating unique operation named: listUsingPOST_227
14:21:53.916 [main] INFO  s.d.s.w.r.o.CachingOperationNameGenerator - [startingWith,40] - Generating unique operation named: removeUsingPOST_156
14:21:53.943 [main] INFO  s.d.s.w.r.o.CachingOperationNameGenerator - [startingWith,40] - Generating unique operation named: exportUsingGET_201
14:21:53.947 [main] INFO  s.d.s.w.r.o.CachingOperationNameGenerator - [startingWith,40] - Generating unique operation named: listUsingPOST_228
14:21:53.954 [main] INFO  s.d.s.w.r.o.CachingOperationNameGenerator - [startingWith,40] - Generating unique operation named: getExportLogManagementUsingGET_10
14:21:53.970 [main] INFO  s.d.s.w.r.o.CachingOperationNameGenerator - [startingWith,40] - Generating unique operation named: listUsingPOST_229
14:21:53.986 [main] INFO  s.d.s.w.r.o.CachingOperationNameGenerator - [startingWith,40] - Generating unique operation named: detailListUsingPOST_12
14:21:53.992 [main] INFO  s.d.s.w.r.o.CachingOperationNameGenerator - [startingWith,40] - Generating unique operation named: getImportLogManagementUsingGET_10
14:21:54.000 [main] INFO  s.d.s.w.r.o.CachingOperationNameGenerator - [startingWith,40] - Generating unique operation named: gotoErrorDetailUsingGET_10
14:21:54.021 [main] INFO  s.d.s.w.r.o.CachingOperationNameGenerator - [startingWith,40] - Generating unique operation named: listUsingPOST_230
14:21:54.050 [main] INFO  s.d.s.w.r.o.CachingOperationNameGenerator - [startingWith,40] - Generating unique operation named: editSaveUsingPOST_110
14:21:54.056 [main] INFO  s.d.s.w.r.o.CachingOperationNameGenerator - [startingWith,40] - Generating unique operation named: exportUsingGET_202
14:21:54.071 [main] INFO  s.d.s.w.r.o.CachingOperationNameGenerator - [startingWith,40] - Generating unique operation named: importDataUsingPOST_78
14:21:54.080 [main] INFO  s.d.s.w.r.o.CachingOperationNameGenerator - [startingWith,40] - Generating unique operation named: importTemplateUsingGET_51
14:21:54.091 [main] INFO  s.d.s.w.r.o.CachingOperationNameGenerator - [startingWith,40] - Generating unique operation named: listUsingPOST_231
14:21:54.101 [main] INFO  s.d.s.w.r.o.CachingOperationNameGenerator - [startingWith,40] - Generating unique operation named: removeUsingPOST_157
14:21:54.105 [main] INFO  s.d.s.w.r.o.CachingOperationNameGenerator - [startingWith,40] - Generating unique operation named: removeAllUsingPOST_21
14:21:54.128 [main] INFO  s.d.s.w.r.o.CachingOperationNameGenerator - [startingWith,40] - Generating unique operation named: checkMachineCodeUniqueUsingPOST_10
14:21:54.136 [main] INFO  s.d.s.w.r.o.CachingOperationNameGenerator - [startingWith,40] - Generating unique operation named: editSaveUsingPOST_111
14:21:54.146 [main] INFO  s.d.s.w.r.o.CachingOperationNameGenerator - [startingWith,40] - Generating unique operation named: exportUsingGET_203
14:21:54.156 [main] INFO  s.d.s.w.r.o.CachingOperationNameGenerator - [startingWith,40] - Generating unique operation named: listUsingPOST_232
14:21:54.164 [main] INFO  s.d.s.w.r.o.CachingOperationNameGenerator - [startingWith,40] - Generating unique operation named: removeUsingPOST_158
14:21:54.169 [main] INFO  s.d.s.w.r.o.CachingOperationNameGenerator - [startingWith,40] - Generating unique operation named: addUsingGET_49
14:21:54.183 [main] INFO  s.d.s.w.r.o.CachingOperationNameGenerator - [startingWith,40] - Generating unique operation named: checkRollCodeUniqueUsingPOST_5
14:21:54.190 [main] INFO  s.d.s.w.r.o.CachingOperationNameGenerator - [startingWith,40] - Generating unique operation named: editUsingGET_41
14:21:54.198 [main] INFO  s.d.s.w.r.o.CachingOperationNameGenerator - [startingWith,40] - Generating unique operation named: exportUsingGET_204
14:21:54.205 [main] INFO  s.d.s.w.r.o.CachingOperationNameGenerator - [startingWith,40] - Generating unique operation named: importDataUsingPOST_79
14:21:54.212 [main] INFO  s.d.s.w.r.o.CachingOperationNameGenerator - [startingWith,40] - Generating unique operation named: importTemplateUsingGET_52
14:21:54.221 [main] INFO  s.d.s.w.r.o.CachingOperationNameGenerator - [startingWith,40] - Generating unique operation named: listUsingPOST_233
14:21:54.226 [main] INFO  s.d.s.w.r.o.CachingOperationNameGenerator - [startingWith,40] - Generating unique operation named: removeUsingPOST_159
14:21:54.239 [main] INFO  s.d.s.w.r.o.CachingOperationNameGenerator - [startingWith,40] - Generating unique operation named: saveGlueGroupOrderUsingPOST_8
14:21:54.251 [main] INFO  s.d.s.w.r.o.CachingOperationNameGenerator - [startingWith,40] - Generating unique operation named: addUsingGET_50
14:21:54.280 [main] INFO  s.d.s.w.r.o.CachingOperationNameGenerator - [startingWith,40] - Generating unique operation named: editUsingGET_42
14:21:54.286 [main] INFO  s.d.s.w.r.o.CachingOperationNameGenerator - [startingWith,40] - Generating unique operation named: exportUsingGET_205
14:21:54.294 [main] INFO  s.d.s.w.r.o.CachingOperationNameGenerator - [startingWith,40] - Generating unique operation named: listUsingPOST_234
14:21:54.301 [main] INFO  s.d.s.w.r.o.CachingOperationNameGenerator - [startingWith,40] - Generating unique operation named: removeUsingPOST_160
14:21:54.328 [main] INFO  s.d.s.w.r.o.CachingOperationNameGenerator - [startingWith,40] - Generating unique operation named: editUsingPOST_21
14:21:54.335 [main] INFO  s.d.s.w.r.o.CachingOperationNameGenerator - [startingWith,40] - Generating unique operation named: exportUsingGET_206
14:21:54.344 [main] INFO  s.d.s.w.r.o.CachingOperationNameGenerator - [startingWith,40] - Generating unique operation named: getInfoUsingGET_20
14:21:54.349 [main] INFO  s.d.s.w.r.o.CachingOperationNameGenerator - [startingWith,40] - Generating unique operation named: listUsingPOST_235
14:21:54.358 [main] INFO  s.d.s.w.r.o.CachingOperationNameGenerator - [startingWith,40] - Generating unique operation named: addUsingGET_51
14:21:54.385 [main] INFO  s.d.s.w.r.o.CachingOperationNameGenerator - [startingWith,40] - Generating unique operation named: editUsingGET_43
14:21:54.405 [main] INFO  s.d.s.w.r.o.CachingOperationNameGenerator - [startingWith,40] - Generating unique operation named: editSaveUsingPOST_112
14:21:54.411 [main] INFO  s.d.s.w.r.o.CachingOperationNameGenerator - [startingWith,40] - Generating unique operation named: exportUsingGET_207
14:21:54.418 [main] INFO  s.d.s.w.r.o.CachingOperationNameGenerator - [startingWith,40] - Generating unique operation named: importDataUsingPOST_80
14:21:54.422 [main] INFO  s.d.s.w.r.o.CachingOperationNameGenerator - [startingWith,40] - Generating unique operation named: importTemplateUsingGET_53
14:21:54.427 [main] INFO  s.d.s.w.r.o.CachingOperationNameGenerator - [startingWith,40] - Generating unique operation named: listUsingPOST_236
14:21:54.435 [main] INFO  s.d.s.w.r.o.CachingOperationNameGenerator - [startingWith,40] - Generating unique operation named: removeUsingPOST_161
14:21:54.440 [main] INFO  s.d.s.w.r.o.CachingOperationNameGenerator - [startingWith,40] - Generating unique operation named: toIndexUsingGET_44
14:21:54.459 [main] INFO  s.d.s.w.r.o.CachingOperationNameGenerator - [startingWith,40] - Generating unique operation named: exportUsingGET_208
14:21:54.467 [main] INFO  s.d.s.w.r.o.CachingOperationNameGenerator - [startingWith,40] - Generating unique operation named: listUsingPOST_237
14:21:54.484 [main] INFO  s.d.s.w.r.o.CachingOperationNameGenerator - [startingWith,40] - Generating unique operation named: addUsingGET_52
14:21:54.512 [main] INFO  s.d.s.w.r.o.CachingOperationNameGenerator - [startingWith,40] - Generating unique operation named: autoPlanUsingPOST_10
14:21:54.524 [main] INFO  s.d.s.w.r.o.CachingOperationNameGenerator - [startingWith,40] - Generating unique operation named: batchChangeMachineUsingPOST_7
14:21:54.538 [main] INFO  s.d.s.w.r.o.CachingOperationNameGenerator - [startingWith,40] - Generating unique operation named: changeMachineUsingGET_5
14:21:54.551 [main] INFO  s.d.s.w.r.o.CachingOperationNameGenerator - [startingWith,40] - Generating unique operation named: changeMachineUsingPOST_10
14:21:54.560 [main] INFO  s.d.s.w.r.o.CachingOperationNameGenerator - [startingWith,40] - Generating unique operation named: changeQtyUsingGET_4
14:21:54.572 [main] INFO  s.d.s.w.r.o.CachingOperationNameGenerator - [startingWith,40] - Generating unique operation named: changeQtyUsingPOST_9
14:21:54.584 [main] INFO  s.d.s.w.r.o.CachingOperationNameGenerator - [startingWith,40] - Generating unique operation named: changeReleaseStatusUsingPOST_11
14:21:54.595 [main] INFO  s.d.s.w.r.o.CachingOperationNameGenerator - [startingWith,40] - Generating unique operation named: checkUniqueUsingPOST_5
14:21:54.604 [main] INFO  s.d.s.w.r.o.CachingOperationNameGenerator - [startingWith,40] - Generating unique operation named: chooseMachineUsingGET_1
14:21:54.615 [main] INFO  s.d.s.w.r.o.CachingOperationNameGenerator - [startingWith,40] - Generating unique operation named: chooseMachineUsingPOST_7
14:21:54.624 [main] INFO  s.d.s.w.r.o.CachingOperationNameGenerator - [startingWith,40] - Generating unique operation named: combinationMiddleAndNightUsingPOST_5
14:21:54.635 [main] INFO  s.d.s.w.r.o.CachingOperationNameGenerator - [startingWith,40] - Generating unique operation named: editUsingGET_44
14:21:54.646 [main] INFO  s.d.s.w.r.o.CachingOperationNameGenerator - [startingWith,40] - Generating unique operation named: editSaveUsingPOST_113
14:21:54.658 [main] INFO  s.d.s.w.r.o.CachingOperationNameGenerator - [startingWith,40] - Generating unique operation named: exportUsingGET_209
14:21:54.678 [main] INFO  s.d.s.w.r.o.CachingOperationNameGenerator - [startingWith,40] - Generating unique operation named: importDataUsingPOST_81
14:21:54.690 [main] INFO  s.d.s.w.r.o.CachingOperationNameGenerator - [startingWith,40] - Generating unique operation named: importData2UsingPOST_4
14:21:54.701 [main] INFO  s.d.s.w.r.o.CachingOperationNameGenerator - [startingWith,40] - Generating unique operation named: importTemplateUsingGET_54
14:21:54.714 [main] INFO  s.d.s.w.r.o.CachingOperationNameGenerator - [startingWith,40] - Generating unique operation named: listUsingPOST_238
14:21:54.728 [main] INFO  s.d.s.w.r.o.CachingOperationNameGenerator - [startingWith,40] - Generating unique operation named: publishUsingPOST_15
14:21:54.734 [main] INFO  s.d.s.w.r.o.CachingOperationNameGenerator - [startingWith,40] - Generating unique operation named: removeUsingPOST_162
14:21:54.740 [main] INFO  s.d.s.w.r.o.CachingOperationNameGenerator - [startingWith,40] - Generating unique operation named: toAutoPlanUsingGET_4
14:21:54.749 [main] INFO  s.d.s.w.r.o.CachingOperationNameGenerator - [startingWith,40] - Generating unique operation named: toIndexUsingGET_45
14:21:54.758 [main] INFO  s.d.s.w.r.o.CachingOperationNameGenerator - [startingWith,40] - Generating unique operation named: validateAutoPlanUsingPOST_4
14:21:54.765 [main] INFO  s.d.s.w.r.o.CachingOperationNameGenerator - [startingWith,40] - Generating unique operation named: addUsingGET_53
14:21:54.769 [main] INFO  s.d.s.w.r.o.CachingOperationNameGenerator - [startingWith,40] - Generating unique operation named: editUsingGET_45
14:21:54.780 [main] INFO  s.d.s.w.r.o.CachingOperationNameGenerator - [startingWith,40] - Generating unique operation named: exportUsingGET_210
14:21:54.783 [main] INFO  s.d.s.w.r.o.CachingOperationNameGenerator - [startingWith,40] - Generating unique operation named: importDataUsingPOST_82
14:21:54.787 [main] INFO  s.d.s.w.r.o.CachingOperationNameGenerator - [startingWith,40] - Generating unique operation named: importTemplateUsingGET_55
14:21:54.791 [main] INFO  s.d.s.w.r.o.CachingOperationNameGenerator - [startingWith,40] - Generating unique operation named: listUsingPOST_239
14:21:54.795 [main] INFO  s.d.s.w.r.o.CachingOperationNameGenerator - [startingWith,40] - Generating unique operation named: removeUsingPOST_163
14:21:54.797 [main] INFO  s.d.s.w.r.o.CachingOperationNameGenerator - [startingWith,40] - Generating unique operation named: removeAllUsingPOST_22
14:21:54.801 [main] INFO  s.d.s.w.r.o.CachingOperationNameGenerator - [startingWith,40] - Generating unique operation named: saveSpecifyMachineUsingPOST_7
14:21:54.812 [main] INFO  s.d.s.w.r.o.CachingOperationNameGenerator - [startingWith,40] - Generating unique operation named: addSaveUsingPOST_9
14:21:54.815 [main] INFO  s.d.s.w.r.o.CachingOperationNameGenerator - [startingWith,40] - Generating unique operation named: editSaveUsingPOST_114
14:21:54.819 [main] INFO  s.d.s.w.r.o.CachingOperationNameGenerator - [startingWith,40] - Generating unique operation named: exportUsingGET_211
14:21:54.822 [main] INFO  s.d.s.w.r.o.CachingOperationNameGenerator - [startingWith,40] - Generating unique operation named: listUsingPOST_240
14:21:54.826 [main] INFO  s.d.s.w.r.o.CachingOperationNameGenerator - [startingWith,40] - Generating unique operation named: removeUsingPOST_164
14:21:55.061 [main] INFO  s.d.s.w.s.ApiListingReferenceScanner - [scan,41] - Scanning for api listing references
14:21:55.091 [main] INFO  s.d.s.w.r.o.CachingOperationNameGenerator - [startingWith,40] - Generating unique operation named: addSubDataUsingPOST_1
14:21:55.115 [main] INFO  s.d.s.w.r.o.CachingOperationNameGenerator - [startingWith,40] - Generating unique operation named: changeExecuteUsingPOST_1
14:21:55.129 [main] INFO  s.d.s.w.r.o.CachingOperationNameGenerator - [startingWith,40] - Generating unique operation named: checkIsRequiredUsingPOST_1
14:21:55.148 [main] INFO  s.d.s.w.r.o.CachingOperationNameGenerator - [startingWith,40] - Generating unique operation named: checkLhApsMoldAdjustPlanUniqueUsingPOST_1
14:21:55.162 [main] INFO  s.d.s.w.r.o.CachingOperationNameGenerator - [startingWith,40] - Generating unique operation named: editSaveUsingPOST_115
14:21:55.175 [main] INFO  s.d.s.w.r.o.CachingOperationNameGenerator - [startingWith,40] - Generating unique operation named: exportUsingGET_212
14:21:55.189 [main] INFO  s.d.s.w.r.o.CachingOperationNameGenerator - [startingWith,40] - Generating unique operation named: getAfterSpecDescUsingPOST_1
14:21:55.203 [main] INFO  s.d.s.w.r.o.CachingOperationNameGenerator - [startingWith,40] - Generating unique operation named: getBeforeSpecDescUsingPOST_1
14:21:55.213 [main] INFO  s.d.s.w.r.o.CachingOperationNameGenerator - [startingWith,40] - Generating unique operation named: importDataUsingPOST_83
14:21:55.226 [main] INFO  s.d.s.w.r.o.CachingOperationNameGenerator - [startingWith,40] - Generating unique operation named: listUsingPOST_241
14:21:55.240 [main] INFO  s.d.s.w.r.o.CachingOperationNameGenerator - [startingWith,40] - Generating unique operation named: publishUsingPOST_16
14:21:55.252 [main] INFO  s.d.s.w.r.o.CachingOperationNameGenerator - [startingWith,40] - Generating unique operation named: removeUsingPOST_165
14:21:55.279 [main] INFO  s.d.s.w.r.o.CachingOperationNameGenerator - [startingWith,40] - Generating unique operation named: toIndexUsingGET_46
14:21:55.294 [main] INFO  s.d.s.w.r.o.CachingOperationNameGenerator - [startingWith,40] - Generating unique operation named: exportUsingGET_213
14:21:55.299 [main] INFO  s.d.s.w.r.o.CachingOperationNameGenerator - [startingWith,40] - Generating unique operation named: listUsingPOST_242
14:21:55.302 [main] INFO  s.d.s.w.r.o.CachingOperationNameGenerator - [startingWith,40] - Generating unique operation named: toIndexUsingGET_47
14:21:55.307 [main] INFO  s.d.s.w.r.o.CachingOperationNameGenerator - [startingWith,40] - Generating unique operation named: checkLhInProductionSpecUniqueUsingPOST_1
14:21:55.314 [main] INFO  s.d.s.w.r.o.CachingOperationNameGenerator - [startingWith,40] - Generating unique operation named: editSaveUsingPOST_116
14:21:55.322 [main] INFO  s.d.s.w.r.o.CachingOperationNameGenerator - [startingWith,40] - Generating unique operation named: exportUsingGET_214
14:21:55.328 [main] INFO  s.d.s.w.r.o.CachingOperationNameGenerator - [startingWith,40] - Generating unique operation named: importDataUsingPOST_84
14:21:55.340 [main] INFO  s.d.s.w.r.o.CachingOperationNameGenerator - [startingWith,40] - Generating unique operation named: listUsingPOST_243
14:21:55.346 [main] INFO  s.d.s.w.r.o.CachingOperationNameGenerator - [startingWith,40] - Generating unique operation named: removeUsingPOST_166
14:21:55.353 [main] INFO  s.d.s.w.r.o.CachingOperationNameGenerator - [startingWith,40] - Generating unique operation named: toIndexUsingGET_48
14:21:55.360 [main] INFO  s.d.s.w.r.o.CachingOperationNameGenerator - [startingWith,40] - Generating unique operation named: checkLhLossSettingUniqueUsingPOST_1
14:21:55.368 [main] INFO  s.d.s.w.r.o.CachingOperationNameGenerator - [startingWith,40] - Generating unique operation named: editSaveUsingPOST_117
14:21:55.373 [main] INFO  s.d.s.w.r.o.CachingOperationNameGenerator - [startingWith,40] - Generating unique operation named: exportUsingGET_215
14:21:55.380 [main] INFO  s.d.s.w.r.o.CachingOperationNameGenerator - [startingWith,40] - Generating unique operation named: importDataUsingPOST_85
14:21:55.385 [main] INFO  s.d.s.w.r.o.CachingOperationNameGenerator - [startingWith,40] - Generating unique operation named: listUsingPOST_244
14:21:55.389 [main] INFO  s.d.s.w.r.o.CachingOperationNameGenerator - [startingWith,40] - Generating unique operation named: removeUsingPOST_167
14:21:55.392 [main] INFO  s.d.s.w.r.o.CachingOperationNameGenerator - [startingWith,40] - Generating unique operation named: toIndexUsingGET_49
14:21:55.399 [main] INFO  s.d.s.w.r.o.CachingOperationNameGenerator - [startingWith,40] - Generating unique operation named: checkMachineCodeUniqueUsingPOST_11
14:21:55.406 [main] INFO  s.d.s.w.r.o.CachingOperationNameGenerator - [startingWith,40] - Generating unique operation named: editSaveUsingPOST_118
14:21:55.416 [main] INFO  s.d.s.w.r.o.CachingOperationNameGenerator - [startingWith,40] - Generating unique operation named: exportUsingGET_216
14:21:55.423 [main] INFO  s.d.s.w.r.o.CachingOperationNameGenerator - [startingWith,40] - Generating unique operation named: importDataUsingPOST_86
14:21:55.430 [main] INFO  s.d.s.w.r.o.CachingOperationNameGenerator - [startingWith,40] - Generating unique operation named: listUsingPOST_245
14:21:55.434 [main] INFO  s.d.s.w.r.o.CachingOperationNameGenerator - [startingWith,40] - Generating unique operation named: operlogUsingGET_6
14:21:55.442 [main] INFO  s.d.s.w.r.o.CachingOperationNameGenerator - [startingWith,40] - Generating unique operation named: removeUsingPOST_168
14:21:55.450 [main] INFO  s.d.s.w.r.o.CachingOperationNameGenerator - [startingWith,40] - Generating unique operation named: checkLhMoldAdjustPlanUniqueUsingPOST_1
14:21:55.458 [main] INFO  s.d.s.w.r.o.CachingOperationNameGenerator - [startingWith,40] - Generating unique operation named: editSaveUsingPOST_119
14:21:55.475 [main] INFO  s.d.s.w.r.o.CachingOperationNameGenerator - [startingWith,40] - Generating unique operation named: exportUsingGET_217
14:21:55.487 [main] INFO  s.d.s.w.r.o.CachingOperationNameGenerator - [startingWith,40] - Generating unique operation named: importDataUsingPOST_87
14:21:55.495 [main] INFO  s.d.s.w.r.o.CachingOperationNameGenerator - [startingWith,40] - Generating unique operation named: listUsingPOST_246
14:21:55.503 [main] INFO  s.d.s.w.r.o.CachingOperationNameGenerator - [startingWith,40] - Generating unique operation named: removeUsingPOST_169
14:21:55.512 [main] INFO  s.d.s.w.r.o.CachingOperationNameGenerator - [startingWith,40] - Generating unique operation named: toIndexUsingGET_50
14:21:55.525 [main] INFO  s.d.s.w.r.o.CachingOperationNameGenerator - [startingWith,40] - Generating unique operation named: editSaveUsingPOST_120
14:21:55.542 [main] INFO  s.d.s.w.r.o.CachingOperationNameGenerator - [startingWith,40] - Generating unique operation named: exportUsingGET_218
14:21:55.550 [main] INFO  s.d.s.w.r.o.CachingOperationNameGenerator - [startingWith,40] - Generating unique operation named: importDataUsingPOST_88
14:21:55.561 [main] INFO  s.d.s.w.r.o.CachingOperationNameGenerator - [startingWith,40] - Generating unique operation named: listUsingPOST_247
14:21:55.579 [main] INFO  s.d.s.w.r.o.CachingOperationNameGenerator - [startingWith,40] - Generating unique operation named: operlogUsingGET_7
14:21:55.593 [main] INFO  s.d.s.w.r.o.CachingOperationNameGenerator - [startingWith,40] - Generating unique operation named: publishUsingPOST_17
14:21:55.620 [main] INFO  s.d.s.w.r.o.CachingOperationNameGenerator - [startingWith,40] - Generating unique operation named: removeUsingPOST_170
14:21:55.653 [main] INFO  s.d.s.w.r.o.CachingOperationNameGenerator - [startingWith,40] - Generating unique operation named: editUsingPOST_22
14:21:55.669 [main] INFO  s.d.s.w.r.o.CachingOperationNameGenerator - [startingWith,40] - Generating unique operation named: exportUsingGET_219
14:21:55.684 [main] INFO  s.d.s.w.r.o.CachingOperationNameGenerator - [startingWith,40] - Generating unique operation named: getInfoUsingGET_21
14:21:55.704 [main] INFO  s.d.s.w.r.o.CachingOperationNameGenerator - [startingWith,40] - Generating unique operation named: listUsingPOST_248
14:21:55.712 [main] INFO  s.d.s.w.r.o.CachingOperationNameGenerator - [startingWith,40] - Generating unique operation named: toIndexUsingGET_51
14:21:55.732 [main] INFO  s.d.s.w.r.o.CachingOperationNameGenerator - [startingWith,40] - Generating unique operation named: changeMachineUsingGET_6
14:21:55.747 [main] INFO  s.d.s.w.r.o.CachingOperationNameGenerator - [startingWith,40] - Generating unique operation named: changeMachineUsingPOST_11
14:21:55.765 [main] INFO  s.d.s.w.r.o.CachingOperationNameGenerator - [startingWith,40] - Generating unique operation named: changeQtyUsingGET_5
14:21:55.790 [main] INFO  s.d.s.w.r.o.CachingOperationNameGenerator - [startingWith,40] - Generating unique operation named: changeQtyUsingPOST_10
14:21:55.804 [main] INFO  s.d.s.w.r.o.CachingOperationNameGenerator - [startingWith,40] - Generating unique operation named: changeReleaseStatusUsingPOST_12
14:21:55.822 [main] INFO  s.d.s.w.r.o.CachingOperationNameGenerator - [startingWith,40] - Generating unique operation named: changeReleaseStatusUsingGET_1
14:21:55.845 [main] INFO  s.d.s.w.r.o.CachingOperationNameGenerator - [startingWith,40] - Generating unique operation named: checkLhScheduleResultUniqueUsingPOST_1
14:21:55.861 [main] INFO  s.d.s.w.r.o.CachingOperationNameGenerator - [startingWith,40] - Generating unique operation named: editSaveUsingPOST_121
14:21:55.883 [main] INFO  s.d.s.w.r.o.CachingOperationNameGenerator - [startingWith,40] - Generating unique operation named: exportUsingGET_220
14:21:55.897 [main] INFO  s.d.s.w.r.o.CachingOperationNameGenerator - [startingWith,40] - Generating unique operation named: ganttUsingGET_3
14:21:55.918 [main] INFO  s.d.s.w.r.o.CachingOperationNameGenerator - [startingWith,40] - Generating unique operation named: getGantDataUsingPOST_2
14:21:55.930 [main] INFO  s.d.s.w.r.o.CachingOperationNameGenerator - [startingWith,40] - Generating unique operation named: importDataUsingPOST_89
14:21:55.942 [main] INFO  s.d.s.w.r.o.CachingOperationNameGenerator - [startingWith,40] - Generating unique operation named: importData2UsingPOST_5
14:21:55.959 [main] INFO  s.d.s.w.r.o.CachingOperationNameGenerator - [startingWith,40] - Generating unique operation named: importDate2UsingGET_1
14:21:55.981 [main] INFO  s.d.s.w.r.o.CachingOperationNameGenerator - [startingWith,40] - Generating unique operation named: lhAutoPlanUsingPOST_3
14:21:56.003 [main] INFO  s.d.s.w.r.o.CachingOperationNameGenerator - [startingWith,40] - Generating unique operation named: lhAutoPlanUsingGET_1
14:21:56.017 [main] INFO  s.d.s.w.r.o.CachingOperationNameGenerator - [startingWith,40] - Generating unique operation named: lhValidateAutoPlanUsingPOST_1
14:21:56.042 [main] INFO  s.d.s.w.r.o.CachingOperationNameGenerator - [startingWith,40] - Generating unique operation named: listUsingPOST_249
14:21:56.067 [main] INFO  s.d.s.w.r.o.CachingOperationNameGenerator - [startingWith,40] - Generating unique operation named: publishUsingPOST_18
14:21:56.090 [main] INFO  s.d.s.w.r.o.CachingOperationNameGenerator - [startingWith,40] - Generating unique operation named: removeUsingPOST_171
14:21:56.119 [main] INFO  s.d.s.w.r.o.CachingOperationNameGenerator - [startingWith,40] - Generating unique operation named: toImportUsingGET_1
14:21:56.145 [main] INFO  s.d.s.w.r.o.CachingOperationNameGenerator - [startingWith,40] - Generating unique operation named: toIndexUsingGET_52
14:21:56.181 [main] INFO  s.d.s.w.r.o.CachingOperationNameGenerator - [startingWith,40] - Generating unique operation named: validateAddUsingPOST_2
14:21:56.202 [main] INFO  s.d.s.w.r.o.CachingOperationNameGenerator - [startingWith,40] - Generating unique operation named: validateChangeMachineUsingPOST_1
14:21:56.210 [main] INFO  s.d.s.w.r.o.CachingOperationNameGenerator - [startingWith,40] - Generating unique operation named: editSaveUsingPOST_122
14:21:56.216 [main] INFO  s.d.s.w.r.o.CachingOperationNameGenerator - [startingWith,40] - Generating unique operation named: exportUsingGET_221
14:21:56.223 [main] INFO  s.d.s.w.r.o.CachingOperationNameGenerator - [startingWith,40] - Generating unique operation named: importDataUsingPOST_90
14:21:56.230 [main] INFO  s.d.s.w.r.o.CachingOperationNameGenerator - [startingWith,40] - Generating unique operation named: listUsingPOST_250
14:21:56.233 [main] INFO  s.d.s.w.r.o.CachingOperationNameGenerator - [startingWith,40] - Generating unique operation named: operlogUsingGET_8
14:21:56.238 [main] INFO  s.d.s.w.r.o.CachingOperationNameGenerator - [startingWith,40] - Generating unique operation named: removeUsingPOST_172
14:21:56.245 [main] INFO  s.d.s.w.r.o.CachingOperationNameGenerator - [startingWith,40] - Generating unique operation named: checkLhTireConstructionInfoUniqueUsingPOST_1
14:21:56.251 [main] INFO  s.d.s.w.r.o.CachingOperationNameGenerator - [startingWith,40] - Generating unique operation named: editSaveUsingPOST_123
14:21:56.258 [main] INFO  s.d.s.w.r.o.CachingOperationNameGenerator - [startingWith,40] - Generating unique operation named: exportUsingGET_222
14:21:56.268 [main] INFO  s.d.s.w.r.o.CachingOperationNameGenerator - [startingWith,40] - Generating unique operation named: getEmbryoCodeListBySapCodeUsingPOST_1
14:21:56.275 [main] INFO  s.d.s.w.r.o.CachingOperationNameGenerator - [startingWith,40] - Generating unique operation named: importDataUsingPOST_91
14:21:56.282 [main] INFO  s.d.s.w.r.o.CachingOperationNameGenerator - [startingWith,40] - Generating unique operation named: listUsingPOST_251
14:21:56.286 [main] INFO  s.d.s.w.r.o.CachingOperationNameGenerator - [startingWith,40] - Generating unique operation named: removeUsingPOST_173
14:21:56.290 [main] INFO  s.d.s.w.r.o.CachingOperationNameGenerator - [startingWith,40] - Generating unique operation named: toIndexUsingGET_53
14:21:56.297 [main] INFO  s.d.s.w.r.o.CachingOperationNameGenerator - [startingWith,40] - Generating unique operation named: checkMixBadRubberStockUniqueUsingPOST_1
14:21:56.303 [main] INFO  s.d.s.w.r.o.CachingOperationNameGenerator - [startingWith,40] - Generating unique operation named: editSaveUsingPOST_124
14:21:56.309 [main] INFO  s.d.s.w.r.o.CachingOperationNameGenerator - [startingWith,40] - Generating unique operation named: exportUsingGET_223
14:21:56.315 [main] INFO  s.d.s.w.r.o.CachingOperationNameGenerator - [startingWith,40] - Generating unique operation named: importDataUsingPOST_92
14:21:56.321 [main] INFO  s.d.s.w.r.o.CachingOperationNameGenerator - [startingWith,40] - Generating unique operation named: listUsingPOST_252
14:21:56.325 [main] INFO  s.d.s.w.r.o.CachingOperationNameGenerator - [startingWith,40] - Generating unique operation named: removeUsingPOST_174
14:21:56.329 [main] INFO  s.d.s.w.r.o.CachingOperationNameGenerator - [startingWith,40] - Generating unique operation named: toIndexUsingGET_54
14:21:56.334 [main] INFO  s.d.s.w.r.o.CachingOperationNameGenerator - [startingWith,40] - Generating unique operation named: checkMixFinalMaterialStockUniqueUsingPOST_1
14:21:56.340 [main] INFO  s.d.s.w.r.o.CachingOperationNameGenerator - [startingWith,40] - Generating unique operation named: editSaveUsingPOST_125
14:21:56.351 [main] INFO  s.d.s.w.r.o.CachingOperationNameGenerator - [startingWith,40] - Generating unique operation named: exportUsingGET_224
14:21:56.355 [main] INFO  s.d.s.w.r.o.CachingOperationNameGenerator - [startingWith,40] - Generating unique operation named: importDataUsingPOST_93
14:21:56.360 [main] INFO  s.d.s.w.r.o.CachingOperationNameGenerator - [startingWith,40] - Generating unique operation named: listUsingPOST_253
14:21:56.364 [main] INFO  s.d.s.w.r.o.CachingOperationNameGenerator - [startingWith,40] - Generating unique operation named: removeUsingPOST_175
14:21:56.366 [main] INFO  s.d.s.w.r.o.CachingOperationNameGenerator - [startingWith,40] - Generating unique operation named: toIndexUsingGET_55
14:21:56.372 [main] INFO  s.d.s.w.r.o.CachingOperationNameGenerator - [startingWith,40] - Generating unique operation named: checkMixFinalRubberStockUniqueUsingPOST_1
14:21:56.377 [main] INFO  s.d.s.w.r.o.CachingOperationNameGenerator - [startingWith,40] - Generating unique operation named: editSaveUsingPOST_126
14:21:56.384 [main] INFO  s.d.s.w.r.o.CachingOperationNameGenerator - [startingWith,40] - Generating unique operation named: exportUsingGET_225
14:21:56.390 [main] INFO  s.d.s.w.r.o.CachingOperationNameGenerator - [startingWith,40] - Generating unique operation named: importDataUsingPOST_94
14:21:56.396 [main] INFO  s.d.s.w.r.o.CachingOperationNameGenerator - [startingWith,40] - Generating unique operation named: listUsingPOST_254
14:21:56.401 [main] INFO  s.d.s.w.r.o.CachingOperationNameGenerator - [startingWith,40] - Generating unique operation named: removeUsingPOST_176
14:21:56.405 [main] INFO  s.d.s.w.r.o.CachingOperationNameGenerator - [startingWith,40] - Generating unique operation named: toIndexUsingGET_56
14:21:56.413 [main] INFO  s.d.s.w.r.o.CachingOperationNameGenerator - [startingWith,40] - Generating unique operation named: checkMixMachineInfoUniqueUsingPOST_1
14:21:56.421 [main] INFO  s.d.s.w.r.o.CachingOperationNameGenerator - [startingWith,40] - Generating unique operation named: editSaveUsingPOST_127
14:21:56.428 [main] INFO  s.d.s.w.r.o.CachingOperationNameGenerator - [startingWith,40] - Generating unique operation named: exportUsingGET_226
14:21:56.431 [main] INFO  s.d.s.w.r.o.CachingOperationNameGenerator - [startingWith,40] - Generating unique operation named: importDataUsingPOST_95
14:21:56.435 [main] INFO  s.d.s.w.r.o.CachingOperationNameGenerator - [startingWith,40] - Generating unique operation named: listUsingPOST_255
14:21:56.440 [main] INFO  s.d.s.w.r.o.CachingOperationNameGenerator - [startingWith,40] - Generating unique operation named: removeUsingPOST_177
14:21:56.442 [main] INFO  s.d.s.w.r.o.CachingOperationNameGenerator - [startingWith,40] - Generating unique operation named: toIndexUsingGET_57
14:21:56.447 [main] INFO  s.d.s.w.r.o.CachingOperationNameGenerator - [startingWith,40] - Generating unique operation named: checkMixMachineRecipeInfoUniqueUsingPOST_1
14:21:56.450 [main] INFO  s.d.s.w.r.o.CachingOperationNameGenerator - [startingWith,40] - Generating unique operation named: editSaveUsingPOST_128
14:21:56.454 [main] INFO  s.d.s.w.r.o.CachingOperationNameGenerator - [startingWith,40] - Generating unique operation named: exportUsingGET_227
14:21:56.458 [main] INFO  s.d.s.w.r.o.CachingOperationNameGenerator - [startingWith,40] - Generating unique operation named: importDataUsingPOST_96
14:21:56.461 [main] INFO  s.d.s.w.r.o.CachingOperationNameGenerator - [startingWith,40] - Generating unique operation named: listUsingPOST_256
14:21:56.464 [main] INFO  s.d.s.w.r.o.CachingOperationNameGenerator - [startingWith,40] - Generating unique operation named: removeUsingPOST_178
14:21:56.467 [main] INFO  s.d.s.w.r.o.CachingOperationNameGenerator - [startingWith,40] - Generating unique operation named: toIndexUsingGET_58
14:21:56.473 [main] INFO  s.d.s.w.r.o.CachingOperationNameGenerator - [startingWith,40] - Generating unique operation named: checkMixMasterMaterialStockUniqueUsingPOST_1
14:21:56.478 [main] INFO  s.d.s.w.r.o.CachingOperationNameGenerator - [startingWith,40] - Generating unique operation named: editSaveUsingPOST_129
14:21:56.481 [main] INFO  s.d.s.w.r.o.CachingOperationNameGenerator - [startingWith,40] - Generating unique operation named: exportUsingGET_228
14:21:56.485 [main] INFO  s.d.s.w.r.o.CachingOperationNameGenerator - [startingWith,40] - Generating unique operation named: importDataUsingPOST_97
14:21:56.488 [main] INFO  s.d.s.w.r.o.CachingOperationNameGenerator - [startingWith,40] - Generating unique operation named: listUsingPOST_257
14:21:56.491 [main] INFO  s.d.s.w.r.o.CachingOperationNameGenerator - [startingWith,40] - Generating unique operation named: removeUsingPOST_179
14:21:56.493 [main] INFO  s.d.s.w.r.o.CachingOperationNameGenerator - [startingWith,40] - Generating unique operation named: toIndexUsingGET_59
14:21:56.500 [main] INFO  s.d.s.w.r.o.CachingOperationNameGenerator - [startingWith,40] - Generating unique operation named: checkMixMasterRubberStockUniqueUsingPOST_1
14:21:56.505 [main] INFO  s.d.s.w.r.o.CachingOperationNameGenerator - [startingWith,40] - Generating unique operation named: editSaveUsingPOST_130
14:21:56.510 [main] INFO  s.d.s.w.r.o.CachingOperationNameGenerator - [startingWith,40] - Generating unique operation named: exportUsingGET_229
14:21:56.515 [main] INFO  s.d.s.w.r.o.CachingOperationNameGenerator - [startingWith,40] - Generating unique operation named: importDataUsingPOST_98
14:21:56.520 [main] INFO  s.d.s.w.r.o.CachingOperationNameGenerator - [startingWith,40] - Generating unique operation named: listUsingPOST_258
14:21:56.523 [main] INFO  s.d.s.w.r.o.CachingOperationNameGenerator - [startingWith,40] - Generating unique operation named: removeUsingPOST_180
14:21:56.526 [main] INFO  s.d.s.w.r.o.CachingOperationNameGenerator - [startingWith,40] - Generating unique operation named: toIndexUsingGET_60
14:21:56.530 [main] INFO  s.d.s.w.r.o.CachingOperationNameGenerator - [startingWith,40] - Generating unique operation named: checkMixRecipeInfoUniqueUsingPOST_1
14:21:56.551 [main] INFO  s.d.s.w.r.o.CachingOperationNameGenerator - [startingWith,40] - Generating unique operation named: editSaveUsingPOST_131
14:21:56.587 [main] INFO  s.d.s.w.r.o.CachingOperationNameGenerator - [startingWith,40] - Generating unique operation named: exportUsingGET_230
14:21:56.608 [main] INFO  s.d.s.w.r.o.CachingOperationNameGenerator - [startingWith,40] - Generating unique operation named: importDataUsingPOST_99
14:21:56.632 [main] INFO  s.d.s.w.r.o.CachingOperationNameGenerator - [startingWith,40] - Generating unique operation named: listUsingPOST_259
14:21:56.655 [main] INFO  s.d.s.w.r.o.CachingOperationNameGenerator - [startingWith,40] - Generating unique operation named: removeUsingPOST_181
14:21:56.665 [main] INFO  s.d.s.w.r.o.CachingOperationNameGenerator - [startingWith,40] - Generating unique operation named: toIndexUsingGET_61
14:21:56.675 [main] INFO  s.d.s.w.r.o.CachingOperationNameGenerator - [startingWith,40] - Generating unique operation named: checkMixReturnRubberStockUniqueUsingPOST_1
14:21:56.687 [main] INFO  s.d.s.w.r.o.CachingOperationNameGenerator - [startingWith,40] - Generating unique operation named: editSaveUsingPOST_132
14:21:56.705 [main] INFO  s.d.s.w.r.o.CachingOperationNameGenerator - [startingWith,40] - Generating unique operation named: exportUsingGET_231
14:21:56.710 [main] INFO  s.d.s.w.r.o.CachingOperationNameGenerator - [startingWith,40] - Generating unique operation named: importDataUsingPOST_100
14:21:56.717 [main] INFO  s.d.s.w.r.o.CachingOperationNameGenerator - [startingWith,40] - Generating unique operation named: listUsingPOST_260
14:21:56.723 [main] INFO  s.d.s.w.r.o.CachingOperationNameGenerator - [startingWith,40] - Generating unique operation named: removeUsingPOST_182
14:21:56.727 [main] INFO  s.d.s.w.r.o.CachingOperationNameGenerator - [startingWith,40] - Generating unique operation named: toIndexUsingGET_62
14:21:56.733 [main] INFO  s.d.s.w.r.o.CachingOperationNameGenerator - [startingWith,40] - Generating unique operation named: checkMixRubberPlanUniqueUsingPOST_1
14:21:56.739 [main] INFO  s.d.s.w.r.o.CachingOperationNameGenerator - [startingWith,40] - Generating unique operation named: editSaveUsingPOST_133
14:21:56.744 [main] INFO  s.d.s.w.r.o.CachingOperationNameGenerator - [startingWith,40] - Generating unique operation named: exportUsingGET_232
14:21:56.751 [main] INFO  s.d.s.w.r.o.CachingOperationNameGenerator - [startingWith,40] - Generating unique operation named: importDataUsingPOST_101
14:21:56.760 [main] INFO  s.d.s.w.r.o.CachingOperationNameGenerator - [startingWith,40] - Generating unique operation named: listUsingPOST_261
14:21:56.768 [main] INFO  s.d.s.w.r.o.CachingOperationNameGenerator - [startingWith,40] - Generating unique operation named: removeUsingPOST_183
14:21:56.771 [main] INFO  s.d.s.w.r.o.CachingOperationNameGenerator - [startingWith,40] - Generating unique operation named: toIndexUsingGET_63
14:21:56.778 [main] INFO  s.d.s.w.r.o.CachingOperationNameGenerator - [startingWith,40] - Generating unique operation named: checkMixTakePlanUniqueUsingPOST_1
14:21:56.784 [main] INFO  s.d.s.w.r.o.CachingOperationNameGenerator - [startingWith,40] - Generating unique operation named: editSaveUsingPOST_134
14:21:56.791 [main] INFO  s.d.s.w.r.o.CachingOperationNameGenerator - [startingWith,40] - Generating unique operation named: exportUsingGET_233
14:21:56.796 [main] INFO  s.d.s.w.r.o.CachingOperationNameGenerator - [startingWith,40] - Generating unique operation named: importDataUsingPOST_102
14:21:56.800 [main] INFO  s.d.s.w.r.o.CachingOperationNameGenerator - [startingWith,40] - Generating unique operation named: listUsingPOST_262
14:21:56.805 [main] INFO  s.d.s.w.r.o.CachingOperationNameGenerator - [startingWith,40] - Generating unique operation named: removeUsingPOST_184
14:21:56.809 [main] INFO  s.d.s.w.r.o.CachingOperationNameGenerator - [startingWith,40] - Generating unique operation named: toIndexUsingGET_64
14:21:56.811 [main] INFO  o.q.c.QuartzScheduler - [start,547] - Scheduler quartzScheduler_$_NON_CLUSTERED started.
14:21:56.850 [main] INFO  c.z.a.ApsBootuiApplication - [logStarted,61] - Started ApsBootuiApplication in 69.92 seconds (JVM running for 77.188)
14:21:58.720 [RMI TCP Connection(9)-192.168.2.78] INFO  o.a.c.c.C.[.[.[/] - [log,173] - Initializing Spring DispatcherServlet 'dispatcherServlet'
14:23:35.439 [http-nio-9066-exec-1] INFO  o.a.s.s.m.AbstractValidatingSessionManager - [enableSessionValidation,233] - Enabling session validation scheduler...
14:23:35.485 [http-nio-9066-exec-1] INFO  o.a.s.c.e.EhCacheManager - [getCache,169] - Using existing EHCache named [shiro-activeSessionCache]
14:23:36.455 [schedule-pool-1] INFO  c.z.f.s.w.s.OnlineWebSessionManager - [validateSessions,101] - invalidation sessions...
14:23:36.939 [schedule-pool-1] INFO  c.z.f.s.w.s.OnlineWebSessionManager - [validateSessions,157] - Finished invalidation session. No sessions were stopped.
14:23:38.907 [http-nio-9066-exec-1] INFO  c.n.c.ChainedDynamicProperty - [checkAndFlip,115] - Flipping property: ruoyi-gateway.ribbon.ActiveConnectionsLimit to use NEXT property: niws.loadbalancer.availabilityFilteringRule.activeConnectionsLimit = 2147483647
14:23:38.952 [http-nio-9066-exec-1] INFO  c.n.l.BaseLoadBalancer - [initWithConfig,197] - Client: ruoyi-gateway instantiated a LoadBalancer: DynamicServerListLoadBalancer:{NFLoadBalancer:name=ruoyi-gateway,current list of Servers=[],Load balancer stats=Zone stats: {},Server stats: []}ServerList:null
14:23:38.964 [http-nio-9066-exec-1] INFO  c.n.l.DynamicServerListLoadBalancer - [enableAndInitLearnNewServersFeature,222] - Using serverListUpdater PollingServerListUpdater
14:23:39.006 [http-nio-9066-exec-1] INFO  c.n.c.ChainedDynamicProperty - [checkAndFlip,115] - Flipping property: ruoyi-gateway.ribbon.ActiveConnectionsLimit to use NEXT property: niws.loadbalancer.availabilityFilteringRule.activeConnectionsLimit = 2147483647
14:23:39.012 [http-nio-9066-exec-1] INFO  c.n.l.DynamicServerListLoadBalancer - [restOfInit,150] - DynamicServerListLoadBalancer for client ruoyi-gateway initialized: DynamicServerListLoadBalancer:{NFLoadBalancer:name=ruoyi-gateway,current list of Servers=[192.168.2.94:9512],Load balancer stats=Zone stats: {unknown=[Zone:unknown;	Instance count:1;	Active connections count: 0;	Circuit breaker tripped count: 0;	Active connections per server: 0.0;]
},Server stats: [[Server:192.168.2.94:9512;	Zone:UNKNOWN;	Total Requests:0;	Successive connection failure:0;	Total blackout seconds:0;	Last connection made:Thu Jan 01 08:00:00 CST 1970;	First connection made: Thu Jan 01 08:00:00 CST 1970;	Active Connections:0;	total failure count in last (1000) msecs:0;	average resp time:0.0;	90 percentile resp time:0.0;	95 percentile resp time:0.0;	min resp time:0.0;	max resp time:0.0;	stddev resp time:0.0]
]}ServerList:com.alibaba.cloud.nacos.ribbon.NacosServerList@4dca7096
14:23:39.977 [PollingServerListUpdater-0] INFO  c.n.c.ChainedDynamicProperty - [checkAndFlip,115] - Flipping property: ruoyi-gateway.ribbon.ActiveConnectionsLimit to use NEXT property: niws.loadbalancer.availabilityFilteringRule.activeConnectionsLimit = 2147483647
14:23:42.820 [http-nio-9066-exec-10] INFO  o.a.s.c.e.EhCacheManager - [getCache,169] - Using existing EHCache named [sys-cache]
14:23:42.870 [http-nio-9066-exec-10] INFO  o.a.s.c.e.EhCacheManager - [getCache,169] - Using existing EHCache named [sys-cache]
14:23:43.458 [http-nio-9066-exec-10] INFO  c.r.c.c.c.BaseController - [index,163] - 登录成功进入首页，进行JSESSIONID重写，value=720130CC4580AD0E93FCD30EA25A07BD
14:25:12.757 [Thread-188] INFO  c.n.l.PollingServerListUpdater - [run,53] - Shutting down the Executor Pool for PollingServerListUpdater
14:25:12.766 [SpringContextShutdownHook] INFO  o.q.c.QuartzScheduler - [standby,585] - Scheduler quartzScheduler_$_NON_CLUSTERED paused.
